reactants,product
Cc1ccccc1Cl.CCCCN.CN(C)c1ccc([P+]([Pd])([C@]23C[C@H]4C[C@H](C[C@H](C4)C2)C3)[C@]23C[C@H]4C[C@H](C[C@H](C4)C2)C3)cc1.CC(C)(C)[O-].[Na+],CCCCNc1ccccc1C
Cc1ccccc1Cl.NC1CCCCC1.CN(C)c1ccc([P+]([Pd])([C@]23C[C@H]4C[C@H](C[C@H](C4)C2)C3)[C@]23C[C@H]4C[C@H](C[C@H](C4)C2)C3)cc1.CC(C)(C)[O-].[Na+],Cc1ccccc1NC1CCCCC1
Cc1ccccc1Cl.CC(C)CN.CN(C)c1ccc([P+]([Pd])([C@]23C[C@H]4C[C@H](C[C@H](C4)C2)C3)[C@]23C[C@H]4C[C@H](C[C@H](C4)C2)C3)cc1.CC(C)(C)[O-].[Na+],Cc1ccccc1NCC(C)C
Cc1ccccc1Cl.NCCCc1ccccc1.CN(C)c1ccc([P+]([Pd])([C@]23C[C@H]4C[C@H](C[C@H](C4)C2)C3)[C@]23C[C@H]4C[C@H](C[C@H](C4)C2)C3)cc1.CC(C)(C)[O-].[Na+],Cc1ccccc1NCCCc1ccccc1
Cc1ccccc1Cl.Cc1ccc(N)cc1.CN(C)c1ccc([P+]([Pd])([C@]23C[C@H]4C[C@H](C[C@H](C4)C2)C3)[C@]23C[C@H]4C[C@H](C[C@H](C4)C2)C3)cc1.CC(C)(C)[O-].[Na+],Cc1ccc(Nc2ccccc2C)cc1
Cc1ccccc1Cl.Nc1ccc(F)cc1.CN(C)c1ccc([P+]([Pd])([C@]23C[C@H]4C[C@H](C[C@H](C4)C2)C3)[C@]23C[C@H]4C[C@H](C[C@H](C4)C2)C3)cc1.CC(C)(C)[O-].[Na+],Cc1ccccc1Nc1ccc(F)cc1
Cc1ccccc1Cl.Nc1ccc2ccccc2c1.CN(C)c1ccc([P+]([Pd])([C@]23C[C@H]4C[C@H](C[C@H](C4)C2)C3)[C@]23C[C@H]4C[C@H](C[C@H](C4)C2)C3)cc1.CC(C)(C)[O-].[Na+],Cc1ccccc1Nc1ccc2ccccc2c1
Cc1ccccc1Cl.COc1ccccc1N.CN(C)c1ccc([P+]([Pd])([C@]23C[C@H]4C[C@H](C[C@H](C4)C2)C3)[C@]23C[C@H]4C[C@H](C[C@H](C4)C2)C3)cc1.CC(C)(C)[O-].[Na+],COc1ccccc1Nc1ccccc1C
Cc1ccccc1Cl.Nc1cc(C(F)(F)F)cc(C(F)(F)F)c1.CN(C)c1ccc([P+]([Pd])([C@]23C[C@H]4C[C@H](C[C@H](C4)C2)C3)[C@]23C[C@H]4C[C@H](C[C@H](C4)C2)C3)cc1.CC(C)(C)[O-].[Na+],Cc1ccccc1Nc1cc(C(F)(F)F)cc(C(F)(F)F)c1
Cc1ccc(Cl)c(C)c1.CCCCN.CN(C)c1ccc([P+]([Pd])([C@]23C[C@H]4C[C@H](C[C@H](C4)C2)C3)[C@]23C[C@H]4C[C@H](C[C@H](C4)C2)C3)cc1.CC(C)(C)[O-].[Na+],CCCCNc1ccc(C)cc1C
Cc1cccc(C)c1Cl.Nc1ccccc1.CN(C)c1ccc([P+]([Pd])([C@]23C[C@H]4C[C@H](C[C@H](C4)C2)C3)[C@]23C[C@H]4C[C@H](C[C@H](C4)C2)C3)cc1.CC(C)(C)[O-].[Na+],Cc1cccc(C)c1Nc1ccccc1
Cc1ccccc1Cl.COc1ccc(N)cc1.CN(C)c1ccc([P+]([Pd])([C@]23C[C@H]4C[C@H](C[C@H](C4)C2)C3)[C@]23C[C@H]4C[C@H](C[C@H](C4)C2)C3)cc1.CC(C)(C)[O-].[Na+],COc1ccc(Nc2ccccc2C)cc1
COc1ccccc1Cl.CCCCN.CN(C)c1ccc([P+]([Pd])([C@]23C[C@H]4C[C@H](C[C@H](C4)C2)C3)[C@]23C[C@H]4C[C@H](C[C@H](C4)C2)C3)cc1.CC(C)(C)[O-].[Na+],CCCCNc1ccccc1OC
N#Cc1ccccc1Cl.CCCCN.CN(C)c1ccc([P+]([Pd])([C@]23C[C@H]4C[C@H](C[C@H](C4)C2)C3)[C@]23C[C@H]4C[C@H](C[C@H](C4)C2)C3)cc1.CC(C)(C)[O-].[Na+],CCCCNc1ccccc1C#N
FC(F)(F)c1ccccc1Cl.CCCCN.CN(C)c1ccc([P+]([Pd])([C@]23C[C@H]4C[C@H](C[C@H](C4)C2)C3)[C@]23C[C@H]4C[C@H](C[C@H](C4)C2)C3)cc1.CC(C)(C)[O-].[Na+],CCCCNc1ccccc1C(F)(F)F
O=[N+]([O-])c1ccc(Cl)c([N+](=O)[O-])c1.CCCCN.CN(C)c1ccc([P+]([Pd])([C@]23C[C@H]4C[C@H](C[C@H](C4)C2)C3)[C@]23C[C@H]4C[C@H](C[C@H](C4)C2)C3)cc1.CC(C)(C)[O-].[Na+],CCCCNc1ccc([N+](=O)[O-])cc1[N+](=O)[O-]
Clc1ccc2ncccc2c1.NC1CCCCC1.CN(C)c1ccc([P+]([Pd])([C@]23C[C@H]4C[C@H](C[C@H](C4)C2)C3)[C@]23C[C@H]4C[C@H](C[C@H](C4)C2)C3)cc1.CC(C)(C)[O-].[Na+],c1cnc2ccc(NC3CCCCC3)cc2c1
CC(C)[Si](C(C)C)(C(C)C)n1ccc2cc(Cl)ccc21.CC(C)(N)c1ccccc1.CN(C)c1cccc(N(C)C)c1-c1ccccc1[P+]([Pd])(c1ccccc1)C(C)(C)C.CC(C)(C)[O-].[Na+],CC(C)[Si](C(C)C)(C(C)C)n1ccc2cc(NC(C)(C)c3ccccc3)ccc21
COc1cc(Cl)cc(OC)c1.CC(C)(C)CC(C)(C)N.CN(C)c1cccc(N(C)C)c1-c1ccccc1[P+]([Pd])(c1ccccc1)C(C)(C)C.CC(C)(C)[O-].[Na+],COc1cc(NC(C)(C)CC(C)(C)C)cc(OC)c1
O=c1c2ccccc2sc2ccc(Cl)cc12.CC(C)(C)N.CN(C)c1cccc(N(C)C)c1-c1ccccc1[P+]([Pd])(c1ccccc1)C(C)(C)C.CC(C)(C)[O-].[Na+],CC(C)(C)Nc1ccc2sc3ccccc3c(=O)c2c1
Clc1ccc2c(c1)OCO2.CC(C)(N)c1ccccc1.CN(C)c1cccc(N(C)C)c1-c1ccccc1[P+]([Pd])(c1ccccc1)C(C)(C)C.CC(C)(C)[O-].[Na+],CC(C)(Nc1ccc2c(c1)OCO2)c1ccccc1
Brc1ccc2sc3ccccc3c2c1.CC(C)(C)N.CN(C)c1cccc(N(C)C)c1-c1ccccc1[P+]([Pd])(c1ccccc1)C(C)(C)C.CC(C)(C)[O-].[Na+],CC(C)(C)Nc1ccc2sc3ccccc3c2c1
Brc1ccc(-c2nc3ccccc3s2)cc1.CC(C)(C)CC(C)(C)N.CN(C)c1cccc(N(C)C)c1-c1ccccc1[P+]([Pd])(c1ccccc1)C(C)(C)C.CC(C)(C)[O-].[Na+],CC(C)(C)CC(C)(C)Nc1ccc(-c2nc3ccccc3s2)cc1
Brc1cnc2ccccc2c1.CC(C)(C)N.CN(C)c1cccc(N(C)C)c1-c1ccccc1[P+]([Pd])(c1ccccc1)C(C)(C)C.CC(C)(C)[O-].[Na+],CC(C)(C)Nc1cnc2ccccc2c1
CSc1ccc(Br)cc1.NC12C[C@H]3C[C@@H](C1)C[C@@H](C2)C3.CN(C)c1cccc(N(C)C)c1-c1ccccc1[P+]([Pd])(c1ccccc1)C(C)(C)C.CC(C)(C)[O-].[Na+],CSc1ccc(NC23C[C@H]4C[C@@H](C2)C[C@@H](C3)C4)cc1
Oc1cccc(Cl)c1.CC(C)(C)CC(C)(C)N.CN(C)c1cccc(N(C)C)c1-c1ccccc1[P+]([Pd])(c1ccccc1)C(C)(C)C.CC(C)(C)[O-].[Na+],CC(C)(C)CC(C)(C)Nc1cccc(O)c1
Clc1ccc(N2CCOCC2)cc1.NC12C[C@H]3C[C@@H](C1)C[C@@H](C2)C3.CN(C)c1cccc(N(C)C)c1-c1ccccc1[P+]([Pd])(c1ccccc1)C(C)(C)C.CC(C)(C)[O-].[Na+],c1cc(N2CCOCC2)ccc1NC12C[C@H]3C[C@@H](C1)C[C@@H](C2)C3
Cc1ccc(C(=O)O)cc1Br.CC(C)(C)N.CN(C)c1cccc(N(C)C)c1-c1ccccc1[P+]([Pd])(c1ccccc1)C(C)(C)C.CC(C)(C)[O-].[Na+],Cc1ccc(C(=O)O)cc1NC(C)(C)C
Brc1ccnc2ccccc12.CC(C)(N)c1ccccc1.CN(C)c1cccc(N(C)C)c1-c1ccccc1[P+]([Pd])(c1ccccc1)C(C)(C)C.CC(C)(C)[O-].[Na+],CC(C)(Nc1ccnc2ccccc12)c1ccccc1
Clc1cccc2ccoc12.NC12C[C@H]3C[C@@H](C1)C[C@@H](C2)C3.CN(C)c1cccc(N(C)C)c1-c1ccccc1[P+]([Pd])(c1ccccc1)C(C)(C)C.CC(C)(C)[O-].[Na+],c1cc(NC23C[C@H]4C[C@@H](C2)C[C@@H](C3)C4)c2occc2c1
Clc1cncc2ccccc12.CC(C)(C)N.CN(C)c1cccc(N(C)C)c1-c1ccccc1[P+]([Pd])(c1ccccc1)C(C)(C)C.CC(C)(C)[O-].[Na+],CC(C)(C)Nc1cncc2ccccc12
CC(=O)Nc1cccc(Cl)c1.NC12C[C@H]3C[C@@H](C1)C[C@@H](C2)C3.CN(C)c1cccc(N(C)C)c1-c1ccccc1[P+]([Pd])(c1ccccc1)C(C)(C)C.CC(C)(C)[O-].[Na+],CC(=O)Nc1cccc(NC23C[C@H]4C[C@@H](C2)C[C@@H](C3)C4)c1
COc1ccc(Cl)cc1C.CC(C)(N)CO[Si](C)(C)C(C)(C)C.CN(C)c1cccc(N(C)C)c1-c1ccccc1[P+]([Pd])(c1ccccc1)C(C)(C)C.CC(C)(C)[O-].[Na+],COc1ccc(NC(C)(C)CO[Si](C)(C)C(C)(C)C)cc1C
Brc1cnn(C(c2ccccc2)(c2ccccc2)c2ccccc2)c1.CC(C)(C)CC(C)(C)N.CN(C)c1cccc(N(C)C)c1-c1ccccc1[P+]([Pd])(c1ccccc1)C(C)(C)C.CC(C)(C)[O-].[Na+],CC(C)(C)CC(C)(C)Nc1cnn(C(c2ccccc2)(c2ccccc2)c2ccccc2)c1
CC(C)(C)OC(=O)c1cccc(Br)c1.CC(C)(C)N.CN(C)c1cccc(N(C)C)c1-c1ccccc1[P+]([Pd])(c1ccccc1)C(C)(C)C.CC(C)(C)[O-].[Na+],CC(C)(C)Nc1cccc(C(=O)OC(C)(C)C)c1
Clc1cccnc1.CC(C)(C)CC(C)(C)N.CN(C)c1cccc(N(C)C)c1-c1ccccc1[P+]([Pd])(c1ccccc1)C(C)(C)C.CC(C)(C)[O-].[Na+],CC(C)(C)CC(C)(C)Nc1cccnc1
N#Cc1cccc(Br)c1.NC12C[C@H]3C[C@@H](C1)C[C@@H](C2)C3.CN(C)c1cccc(N(C)C)c1-c1ccccc1[P+]([Pd])(c1ccccc1)C(C)(C)C.CC(C)(C)[O-].[Na+],N#Cc1cccc(NC23C[C@H]4C[C@@H](C2)C[C@@H](C3)C4)c1
CC(C)c1cc(C(C)C)c(Br)c(C(C)C)c1.CC(C)(C)CC(C)(C)N.CN(C)c1cccc(N(C)C)c1-c1ccccc1[P+]([Pd])(c1ccccc1)c1ccccc1.CC(C)(C)[O-].[Na+],CC(C)c1cc(C(C)C)c(NC(C)(C)CC(C)(C)C)c(C(C)C)c1
Brc1ccccc1C1CCCCC1.NC12C[C@H]3C[C@@H](C1)C[C@@H](C2)C3.CN(C)c1cccc(N(C)C)c1-c1ccccc1[P+]([Pd])(c1ccccc1)c1ccccc1.CC(C)(C)[O-].[Na+],c1ccc(C2CCCCC2)c(NC23C[C@H]4C[C@@H](C2)C[C@@H](C3)C4)c1
CCCCN1c2ccc(Br)cc2C(=O)C2C=CC=CC21.NC(c1ccccc1)(c1ccccc1)c1ccccc1.CN(C)c1cccc(N(C)C)c1-c1ccccc1[P+]([Pd])(c1ccccc1)c1ccccc1.CC(C)(C)[O-].[Na+],CCCCN1c2ccc(NC(c3ccccc3)(c3ccccc3)c3ccccc3)cc2C(=O)C2C=CC=CC21
COc1ccc(Br)c(C)c1.NC12C[C@H]3C[C@@H](C1)C[C@@H](C2)C3.CN(C)c1cccc(N(C)C)c1-c1ccccc1[P+]([Pd])(c1ccccc1)c1ccccc1.CC(C)(C)[O-].[Na+],COc1ccc(NC23C[C@H]4C[C@@H](C2)C[C@@H](C3)C4)c(C)c1
Clc1ccc2ncccc2c1.NC(c1ccccc1)(c1ccccc1)c1ccccc1.CN(C)c1cccc(N(C)C)c1-c1ccccc1[P+]([Pd])(c1ccccc1)c1ccccc1.CC(C)(C)[O-].[Na+],c1ccc(C(Nc2ccc3ncccc3c2)(c2ccccc2)c2ccccc2)cc1
Clc1ccc2nsnc2c1.NC12C[C@H]3C[C@@H](C1)C[C@@H](C2)C3.CN(C)c1cccc(N(C)C)c1-c1ccccc1[P+]([Pd])(c1ccccc1)c1ccccc1.CC(C)(C)[O-].[Na+],c1cc2nsnc2cc1NC12C[C@H]3C[C@@H](C1)C[C@@H](C2)C3
Clc1ccc2ccccc2n1.CC(C)(C)N.CN(C)c1cccc(N(C)C)c1-c1ccccc1[P+]([Pd])(c1ccccc1)c1ccccc1.CC(C)(C)[O-].[Na+],CC(C)(C)Nc1ccc2ccccc2n1
Cc1cscc1Br.CC(C)(C)CC(C)(C)N.CN(C)c1cccc(N(C)C)c1-c1ccccc1[P+]([Pd])(c1ccccc1)c1ccccc1.CC(C)(C)[O-].[Na+],Cc1cscc1NC(C)(C)CC(C)(C)C
COc1cccc(OC)c1Br.NC12C[C@H]3C[C@@H](C1)C[C@@H](C2)C3.CN(C)c1cccc(N(C)C)c1-c1ccccc1[P+]([Pd])(c1ccccc1)c1ccccc1.CC(C)(C)[O-].[Na+],COc1cccc(OC)c1NC12C[C@H]3C[C@@H](C1)C[C@@H](C2)C3
Cc1nc(Br)ccc1F.CC(C)(C)CC(C)(C)N.CN(C)c1cccc(N(C)C)c1-c1ccccc1[P+]([Pd])(c1ccccc1)c1ccccc1.CC(C)(C)[O-].[Na+],Cc1nc(NC(C)(C)CC(C)(C)C)ccc1F
Clc1cnccn1.CC(C)(C)CC(C)(C)N.CN(C)c1cccc(N(C)C)c1-c1ccccc1[P+]([Pd])(c1ccccc1)c1ccccc1.CC(C)(C)[O-].[Na+],CC(C)(C)CC(C)(C)Nc1cnccn1
O=C(c1ccccc1)c1ccc(Br)cc1.NC(c1ccccc1)(c1ccccc1)c1ccccc1.CN(C)c1cccc(N(C)C)c1-c1ccccc1[P+]([Pd])(c1ccccc1)c1ccccc1.CC(C)(C)[O-].[Na+],O=C(c1ccccc1)c1ccc(NC(c2ccccc2)(c2ccccc2)c2ccccc2)cc1
Clc1ccc(N2CCOCC2)cc1.NC12C[C@H]3C[C@@H](C1)C[C@@H](C2)C3.CN(C)c1cccc(N(C)C)c1-c1ccccc1[P+]([Pd])(c1ccccc1)c1ccccc1.CC(C)(C)[O-].[Na+],c1cc(N2CCOCC2)ccc1NC12C[C@H]3C[C@@H](C1)C[C@@H](C2)C3
Cc1ccc(Cl)cc1.NCc1ccccc1.CC(C)(C)[P+]([Pd])(c1ccccc1-c1ccccc1)C(C)(C)C.CC(C)(C)[O-].[Na+],Cc1ccc(NCc2ccccc2)cc1
Cc1ccc(C)c(Cl)c1.NCc1ccccc1.CC(C)(C)[P+]([Pd])(c1ccccc1-c1ccccc1)C(C)(C)C.CC(C)(C)[O-].[Na+],Cc1ccc(C)c(NCc2ccccc2)c1
N#Cc1ccc(Cl)cc1.CCCCCCN.CC(C)(C)[P+]([Pd])(c1ccccc1-c1ccccc1)C(C)(C)C.CC(C)(C)[O-].[Na+],CCCCCCNc1ccc(C#N)cc1
N#Cc1ccc(Cl)cc1.Cc1ccc(N)cc1.CC(C)(C)[P+]([Pd])(c1ccccc1-c1ccccc1)C(C)(C)C.CC(C)(C)[O-].[Na+],Cc1ccc(Nc2ccc(C#N)cc2)cc1
COc1ccccc1Cl.NCc1ccccc1.CC(C)(C)[P+]([Pd])(c1ccccc1-c1ccccc1)C(C)(C)C.CC(C)(C)[O-].[Na+],COc1ccccc1NCc1ccccc1
COc1cccc(Cl)c1.CCC(C)N.CC(C)(C)[P+]([Pd])(c1ccccc1-c1ccccc1)C(C)(C)C.CC(C)(C)[O-].[Na+],CCC(C)Nc1cccc(OC)c1
Cc1ccc(Cl)cc1.CCCCCCN.CC(C)(C)[P+]([Pd])(c1ccccc1-c1ccccc1)C(C)(C)C.CC(C)(C)[O-].[Na+],CCCCCCNc1ccc(C)cc1
Cc1ccc(Cl)cc1.Cc1ccc(N)cc1.CC(C)(C)[P+]([Pd])(c1ccccc1-c1ccccc1)C(C)(C)C.CC(C)(C)[O-].[Na+],Cc1ccc(Nc2ccc(C)cc2)cc1
Cc1ccc(Cl)cc1.NCc1ccccc1.CC(C)(C)[P+]([Pd])(c1ccccc1-c1ccccc1)C(C)(C)C.CC(C)(C)[O-].[Na+],Cc1ccc(NCc2ccccc2)cc1
Cc1ccc(C)c(Cl)c1.NC1CCCCC1.CC(C)(C)[P+]([Pd])(c1ccccc1-c1ccccc1)C(C)(C)C.CC(C)(C)[O-].[Na+],Cc1ccc(C)c(NC2CCCCC2)c1
Cc1ccc(C)c(Cl)c1.COc1ccccc1N.CC(C)(C)[P+]([Pd])(c1ccccc1-c1ccccc1)C(C)(C)C.CC(C)(C)[O-].[Na+],COc1ccccc1Nc1cc(C)ccc1C
Cc1ccc(C)c(Cl)c1.NCc1ccccc1.CC(C)(C)[P+]([Pd])(c1ccccc1-c1ccccc1)C(C)(C)C.CC(C)(C)[O-].[Na+],Cc1ccc(C)c(NCc2ccccc2)c1
Cc1ccc(C)c(Cl)c1.CCOC(CN)OCC.CC(C)(C)[P+]([Pd])(c1ccccc1-c1ccccc1)C(C)(C)C.CC(C)(C)[O-].[Na+],CCOC(CNc1cc(C)ccc1C)OCC
COc1ccc(Cl)cc1.NCCN1CCOCC1.CC(C)(C)[P+]([Pd])(c1ccccc1-c1ccccc1)C(C)(C)C.CC(C)(C)[O-].[Na+],COc1ccc(NCCN2CCOCC2)cc1
COc1ccc(Cl)cc1.COc1ccc(N)cc1.CC(C)(C)[P+]([Pd])(c1ccccc1-c1ccccc1)C(C)(C)C.CC(C)(C)[O-].[Na+],COc1ccc(Nc2ccc(OC)cc2)cc1
COc1ccccc1Cl.NN=C(c1ccccc1)c1ccccc1.CC(C)(C)[P+]([Pd])(c1ccccc1-c1ccccc1)C(C)(C)C.CC(C)(C)[O-].[Na+],COc1ccccc1NN=C(c1ccccc1)c1ccccc1
COc1ccccc1Cl.NCc1ccccc1.CC(C)(C)[P+]([Pd])(c1ccccc1-c1ccccc1)C(C)(C)C.CC(C)(C)[O-].[Na+],COc1ccccc1NCc1ccccc1
COc1cc(Cl)cc(OC)c1.Cc1ccc(N)cc1.CC(C)(C)[P+]([Pd])(c1ccccc1-c1ccccc1)C(C)(C)C.CC(C)(C)[O-].[Na+],COc1cc(Nc2ccc(C)cc2)cc(OC)c1
Cc1cccc(C)c1Cl.NCc1ccccc1.CC(C)(C)[P+]([Pd])(c1ccccc1-c1ccccc1)C(C)(C)C.CC(C)(C)[O-].[Na+],Cc1cccc(C)c1NCc1ccccc1
Cc1cccc(C)c1Cl.CC(C)c1cccc(C(C)C)c1N.CC(C)(C)[P+]([Pd])(c1ccccc1-c1ccccc1)C(C)(C)C.CC(C)(C)[O-].[Na+],Cc1cccc(C)c1Nc1c(C(C)C)cccc1C(C)C
Cc1ccc(C)c(Cl)c1.COc1ccccc1N.CC(C)(C)[P+]([Pd])(c1ccccc1-c1ccccc1)C(C)(C)C.CC(C)(C)[O-].[Na+],COc1ccccc1Nc1cc(C)ccc1C
Clc1ccccn1.NCc1ccccc1.CC(C)(C)[P+]([Pd])(c1ccccc1-c1ccccc1)C(C)(C)C.CC(C)(C)[O-].[Na+],c1ccc(CNc2ccccn2)cc1
Clc1cccnc1.NCc1ccccc1.CC(C)(C)[P+]([Pd])(c1ccccc1-c1ccccc1)C(C)(C)C.CC(C)(C)[O-].[Na+],c1ccc(CNc2cccnc2)cc1
Clc1cccnc1.CCCCCCN.CN(C)c1ccccc1-c1ccccc1[P+]([Pd])(C1CCCCC1)C1CCCCC1.CC(C)(C)[O-].[Na+],CCCCCCNc1cccnc1
Clc1ccncc1.NCc1ccccc1.[Pd][P+](c1ccccc1-c1ccccc1)(C1CCCCC1)C1CCCCC1.CC(C)(C)[O-].[Na+],c1ccc(CNc2ccncc2)cc1
N#Cc1cccc(Cl)c1.NCc1ccccc1.[Pd][P+](c1ccccc1-c1ccccc1)(C1CCCCC1)C1CCCCC1.O=P([O-])([O-])[O-].[K+].[K+].[K+],N#Cc1cccc(NCc2ccccc2)c1
O=[N+]([O-])c1ccc(Cl)cc1.COc1ccc(N)cc1.CC(C)(C)[P+]([Pd])(c1ccccc1-c1ccccc1)C(C)(C)C.O=P([O-])([O-])[O-].[K+].[K+].[K+],COc1ccc(Nc2ccc([N+](=O)[O-])cc2)cc1
CC(=O)c1cccc(Cl)c1.Nc1ccccc1.[Pd][P+](c1ccccc1-c1ccccc1)(C1CCCCC1)C1CCCCC1.O=P([O-])([O-])[O-].[K+].[K+].[K+],CC(=O)c1cccc(Nc2ccccc2)c1
CC(=O)c1cccc(Cl)c1.Nc1ccccc1.CN(C)c1ccccc1-c1ccccc1[P+]([Pd])(C1CCCCC1)C1CCCCC1.O=P([O-])([O-])[O-].[K+].[K+].[K+],CC(=O)c1cccc(Nc2ccccc2)c1
CC(=O)c1ccc(Cl)cc1.Cc1ccc(N)cc1.[Pd][P+](c1ccccc1-c1ccccc1)(C1CCCCC1)C1CCCCC1.O=P([O-])([O-])[O-].[K+].[K+].[K+],CC(=O)c1ccc(Nc2ccc(C)cc2)cc1
COC(=O)c1ccc(Cl)cc1.Nc1ccc([N+](=O)[O-])cc1.[Pd][P+](c1ccccc1-c1ccccc1)(C1CCCCC1)C1CCCCC1.O=P([O-])([O-])[O-].[K+].[K+].[K+],COC(=O)c1ccc(Nc2ccc([N+](=O)[O-])cc2)cc1
N#Cc1ccc(Cl)cc1.CCCCCCN.CC(C)(C)[P+]([Pd])(c1ccccc1-c1ccccc1)C(C)(C)C.CC(C)(C)[O-].[Na+],CCCCCCNc1ccc(C#N)cc1
N#Cc1ccc(Cl)cc1.CCOC(=O)c1ccccc1N.[Pd][P+](c1ccccc1-c1ccccc1)(C1CCCCC1)C1CCCCC1.O=P([O-])([O-])[O-].[K+].[K+].[K+],CCOC(=O)c1ccccc1Nc1ccc(C#N)cc1
O=[N+]([O-])c1ccccc1Cl.COc1ccc(N)cc1.[Pd][P+](c1ccccc1-c1ccccc1)(C1CCCCC1)C1CCCCC1.O=P([O-])([O-])[O-].[K+].[K+].[K+],COc1ccc(Nc2ccccc2[N+](=O)[O-])cc1
COC(=O)c1ccccc1Cl.Cc1cccc(N)c1.[Pd][P+](c1ccccc1-c1ccccc1)(C1CCCCC1)C1CCCCC1.O=P([O-])([O-])[O-].[K+].[K+].[K+],COC(=O)c1ccccc1Nc1cccc(C)c1
CC(C)(C)c1ccc(Br)cc1.COc1ccc(N)cc1.CC(C)(C)[P+]([Pd])(c1ccccc1-c1ccccc1)C(C)(C)C.CC(C)(C)[O-].[Na+],COc1ccc(Nc2ccc(C(C)(C)C)cc2)cc1
Cc1ccc(C)c(Br)c1.COc1ccc(N)cc1.CC(C)(C)[P+]([Pd])(c1ccccc1-c1ccccc1)C(C)(C)C.CC(C)(C)[O-].[Na+],COc1ccc(Nc2cc(C)ccc2C)cc1
Cc1cc(C)cc(Br)c1.NCc1ccccc1.CC(C)(C)[P+]([Pd])(c1ccccc1-c1ccccc1)C(C)(C)C.CC(C)(C)[O-].[K+],Cc1cc(C)cc(NCc2ccccc2)c1
COc1ccccc1Br.Cc1ccccc1N.CC(C)(C)[P+]([Pd])(c1ccccc1-c1ccccc1)C(C)(C)C.CC(C)(C)[O-].[Na+],COc1ccccc1Nc1ccccc1C
CN(C)c1ccc(Br)cc1.COc1ccc(N)cc1.CC(C)(C)[P+]([Pd])(c1ccccc1-c1ccccc1)C(C)(C)C.CC(C)(C)[O-].[Na+],COc1ccc(Nc2ccc(N(C)C)cc2)cc1
COc1ccc(Br)cc1.Cc1ccc(N)cc1.CC(C)(C)[P+]([Pd])(c1ccccc1-c1ccccc1)C(C)(C)C.CC(C)(C)[O-].[Na+],COc1ccc(Nc2ccc(C)cc2)cc1
Cc1cc(C)cc(Br)c1.NCc1ccccc1.CC(C)(C)[P+]([Pd])(c1ccccc1-c1ccccc1)C(C)(C)C.CC(C)(C)[O-].[Na+],Cc1cc(C)cc(NCc2ccccc2)c1
Brc1ccc2c(c1)OCO2.Cc1cc(C)c(N)c(C)c1.CC(C)(C)[P+]([Pd])(c1ccccc1-c1ccccc1)C(C)(C)C.CC(C)(C)[O-].[Na+],Cc1cc(C)c(Nc2ccc3c(c2)OCO3)c(C)c1
Cc1ccc(C)c(Br)c1.C=CCN.CC(C)(C)[P+]([Pd])(c1ccccc1-c1ccccc1)C(C)(C)C.CC(C)(C)[O-].[Na+],C=CCNc1cc(C)ccc1C
N#Cc1ccc(Br)cc1.NCc1ccccc1.[Pd][P+](c1ccccc1-c1ccccc1)(C1CCCCC1)C1CCCCC1.O=P([O-])([O-])[O-].[K+].[K+].[K+],N#Cc1ccc(NCc2ccccc2)cc1
CC(=O)c1ccc(Br)cc1.Cc1ccc(N)cc1.[Pd][P+](c1ccccc1-c1ccccc1)(C1CCCCC1)C1CCCCC1.O=P([O-])([O-])[O-].[K+].[K+].[K+],CC(=O)c1ccc(Nc2ccc(C)cc2)cc1
COC(=O)c1ccccc1Br.Cc1cccc(N)c1.[Pd][P+](c1ccccc1-c1ccccc1)(C1CCCCC1)C1CCCCC1.O=P([O-])([O-])[O-].[K+].[K+].[K+],COC(=O)c1ccccc1Nc1cccc(C)c1
CC(C)(C)c1ccc(OS(=O)(=O)C(F)(F)F)cc1.COc1ccc(N)cc1.CC(C)(C)[P+]([Pd])(c1ccccc1-c1ccccc1)C(C)(C)C.CC(C)(C)[O-].[Na+],COc1ccc(Nc2ccc(C(C)(C)C)cc2)cc1
CC(C)(C)c1ccc(OS(=O)(=O)C(F)(F)F)cc1.NCc1ccccc1.CC(C)(C)[P+]([Pd])(c1ccccc1-c1ccccc1)C(C)(C)C.CC(C)(C)[O-].[Na+],CC(C)(C)c1ccc(NCc2ccccc2)cc1
COc1ccc(OS(=O)(=O)C(F)(F)F)cc1.Cc1ccc(N)cc1.CC(C)(C)[P+]([Pd])(c1ccccc1-c1ccccc1)C(C)(C)C.CC(C)(C)[O-].[Na+],COc1ccc(Nc2ccc(C)cc2)cc1
CC(C)(C)c1ccc(OS(=O)(=O)C(F)(F)F)cc1.COc1ccc(N)cc1.CC(C)(C)[P+]([Pd])(c1ccccc1-c1ccccc1)C(C)(C)C.O=P([O-])([O-])[O-].[K+].[K+].[K+],COc1ccc(Nc2ccc(C(C)(C)C)cc2)cc1
CC(C)(C)c1ccc(OS(=O)(=O)C(F)(F)F)cc1.NCc1ccccc1.CC(C)(C)[P+]([Pd])(c1ccccc1-c1ccccc1)C(C)(C)C.CC(C)(C)[O-].[Na+],CC(C)(C)c1ccc(NCc2ccccc2)cc1
COc1ccc(OS(=O)(=O)C(F)(F)F)cc1.Nc1ccc([N+](=O)[O-])cc1.CC(C)(C)[P+]([Pd])(c1ccccc1-c1ccccc1)C(C)(C)C.O=P([O-])([O-])[O-].[K+].[K+].[K+],COc1ccc(Nc2ccc([N+](=O)[O-])cc2)cc1
COc1ccccc1OS(=O)(=O)C(F)(F)F.NCc1ccccc1.CC(C)(C)[P+]([Pd])(c1ccccc1-c1ccccc1)C(C)(C)C.CC(C)(C)[O-].[Na+],COc1ccccc1NCc1ccccc1
N#Cc1ccc(OS(=O)(=O)C(F)(F)F)cc1.COc1ccccc1N.CC(C)(C)[P+]([Pd])(c1ccccc1-c1ccccc1)C(C)(C)C.O=P([O-])([O-])[O-].[K+].[K+].[K+],COc1ccccc1Nc1ccc(C#N)cc1
CC(=O)c1ccc(OS(=O)(=O)C(F)(F)F)cc1.Cc1cccc(N)c1.CC(C)(C)[P+]([Pd])(c1ccccc1-c1ccccc1)C(C)(C)C.O=P([O-])([O-])[O-].[K+].[K+].[K+],CC(=O)c1ccc(Nc2cccc(C)c2)cc1
CC(=O)Nc1ccc(Br)cc1.Cc1ccc(N)cc1.[Pd][P+](c1ccccc1-c1ccccc1)(C1CCCCC1)C1CCCCC1.C[Si]([N-][Si](C)(C)C)(C)C.[Li+],CC(=O)Nc1ccc(Nc2ccc(C)cc2)cc1
CC(=O)c1cccc(Br)c1.COc1ccc(N)cc1.CN(C)c1ccccc1-c1ccccc1[P+]([Pd])(C1CCCCC1)C1CCCCC1.C[Si]([N-][Si](C)(C)C)(C)C.[Li+],COc1ccc(Nc2cccc(C(C)=O)c2)cc1
CC(=O)CCc1ccc(Br)cc1.COc1ccc(N)cc1OC.[Pd][P+](c1ccccc1-c1ccccc1)(C1CCCCC1)C1CCCCC1.C[Si]([N-][Si](C)(C)C)(C)C.[Li+],COc1ccc(Nc2ccc(CCC(C)=O)cc2)cc1OC
COc1ccccc1OS(=O)(=O)c1ccccc1.NCc1ccccc1.CC(C)c1cc(C(C)C)c(-c2ccccc2[P+]([Pd])(C2CCCCC2)C2CCCCC2)c(C(C)C)c1.O=C([O-])[O-].[Cs+].[Cs+],COc1ccccc1NCc1ccccc1
Cc1ccccc1OS(=O)(=O)c1ccccc1.CCCCCCN.CC(C)c1cc(C(C)C)c(-c2ccccc2[P+]([Pd])(C2CCCCC2)C2CCCCC2)c(C(C)C)c1.O=C([O-])[O-].[Cs+].[Cs+],CCCCCCNc1ccccc1C
COc1ccccc1OS(=O)(=O)c1ccccc1.NN=C(c1ccccc1)c1ccccc1.CC(C)c1cc(C(C)C)c(-c2ccccc2[P+]([Pd])(C2CCCCC2)C2CCCCC2)c(C(C)C)c1.O=C([O-])[O-].[Cs+].[Cs+],COc1ccccc1NN=C(c1ccccc1)c1ccccc1
Cc1ccccc1OS(=O)(=O)c1ccccc1.NN=C(c1ccccc1)c1ccccc1.CC(C)c1cc(C(C)C)c(-c2ccccc2[P+]([Pd])(C2CCCCC2)C2CCCCC2)c(C(C)C)c1.O=C([O-])[O-].[Cs+].[Cs+],Cc1ccccc1NN=C(c1ccccc1)c1ccccc1
Cc1ccc(S(=O)(=O)Oc2ccc(C#N)cc2)cc1.NN=C(c1ccccc1)c1ccccc1.CC(C)c1cc(C(C)C)c(-c2ccccc2[P+]([Pd])(C2CCCCC2)C2CCCCC2)c(C(C)C)c1.O=P([O-])([O-])[O-].[K+].[K+].[K+],N#Cc1ccc(NN=C(c2ccccc2)c2ccccc2)cc1
COC(=O)c1cccc(OS(=O)(=O)c2ccc(C)cc2)c1.NN=C(c1ccccc1)c1ccccc1.CC(C)c1cc(C(C)C)c(-c2ccccc2[P+]([Pd])(C2CCCCC2)C2CCCCC2)c(C(C)C)c1.O=C([O-])[O-].[Cs+].[Cs+],COC(=O)c1cccc(NN=C(c2ccccc2)c2ccccc2)c1
CC(=O)Nc1ccc(Cl)cc1.Cc1ccc(N)cc1.CC(C)c1cc(C(C)C)c(-c2ccccc2[P+]([Pd])(C2CCCCC2)C2CCCCC2)c(C(C)C)c1.O=C([O-])[O-].[K+].[K+],CC(=O)Nc1ccc(Nc2ccc(C)cc2)cc1
CC(=O)Nc1ccc(Br)cc1.CCCCCCN.CC(C)c1cc(C(C)C)c(-c2ccccc2[P+]([Pd])(C2CCCCC2)C2CCCCC2)c(C(C)C)c1.CC(C)(C)[O-].[Na+],CCCCCCNc1ccc(NC(C)=O)cc1
CC(=O)Nc1ccc(Br)cc1.CCCCCCN.CC(C)c1cc(C(C)C)c(-c2ccccc2[P+]([Pd])(C2CCCCC2)C2CCCCC2)c(C(C)C)c1.CC(C)(C)[O-].[Na+],CCCCCCNc1ccc(NC(C)=O)cc1
NC(=O)c1cccc(Cl)c1.COc1ccc(N)cc1.CC(C)c1cc(C(C)C)c(-c2ccccc2[P+]([Pd])(C2CCCCC2)C2CCCCC2)c(C(C)C)c1.O=C([O-])[O-].[K+].[K+],COc1ccc(Nc2cccc(C(N)=O)c2)cc1
NC(=O)c1cccc(Cl)c1.COc1ccc(N)cc1.CC(C)c1cc(C(C)C)c(-c2ccccc2[P+]([Pd])(C2CCCCC2)C2CCCCC2)c(C(C)C)c1.CC(C)(C)[O-].[Na+],COc1ccc(Nc2cccc(C(N)=O)c2)cc1
Nc1cccc(Br)c1.CCOC(=O)c1ccc(N)cc1.CC(C)c1cc(C(C)C)c(-c2ccccc2[P+]([Pd])(C(C)(C)C)C(C)(C)C)c(C(C)C)c1.O=C([O-])[O-].[K+].[K+],CCOC(=O)c1ccc(Nc2cccc(N)c2)cc1
CCCCc1ccc(Cl)cc1.Nc1ccc(C(=O)O)cc1.CC(C)c1cc(C(C)C)c(-c2ccccc2[P+]([Pd])(C2CCCCC2)C2CCCCC2)c(C(C)C)c1.[K+].[OH-],CCCCc1ccc(Nc2ccc(C(=O)O)cc2)cc1
O=C(O)c1cccc(Cl)c1.Nc1ccc(C(=O)O)cc1.CC(C)c1cc(C(C)C)c(-c2ccccc2[P+]([Pd])(C2CCCCC2)C2CCCCC2)c(C(C)C)c1.[K+].[OH-],O=C(O)c1ccc(Nc2cccc(C(=O)O)c2)cc1
COC(=O)c1cccc(Cl)c1.CCCCCCN.CC(C)c1cc(C(C)C)c(-c2ccccc2[P+]([Pd])(C2CCCCC2)C2CCCCC2)c(C(C)C)c1.O=C([O-])[O-].[Cs+].[Cs+],CCCCCCNc1cccc(C(=O)OC)c1
COC(=O)c1cccc(Cl)c1.Nc1ccccc1.CC(C)c1cc(C(C)C)c(-c2ccccc2[P+]([Pd])(C2CCCCC2)C2CCCCC2)c(C(C)C)c1.CC(C)(C)[O-].[Na+],COC(=O)c1cccc(Nc2ccccc2)c1
O=[N+]([O-])c1cccc(Cl)c1.Nc1ccccc1.CC(C)c1cc(C(C)C)c(-c2ccccc2[P+]([Pd])(C2CCCCC2)C2CCCCC2)c(C(C)C)c1.[K+].[OH-],O=[N+]([O-])c1cccc(Nc2ccccc2)c1
FC(F)(F)c1cccc(Cl)c1.Nc1ccccc1.CC(C)c1cc(C(C)C)c(-c2ccccc2[P+]([Pd])(C2CCCCC2)C2CCCCC2)c(C(C)C)c1.[K+].[OH-],FC(F)(F)c1cccc(Nc2ccccc2)c1
Cc1ccc(C)c(Cl)c1.NCc1ccccc1.CC(C)c1cc(C(C)C)c(-c2ccccc2[P+]([Pd])(C2CCCCC2)C2CCCCC2)c(C(C)C)c1.[K+].[OH-],Cc1ccc(C)c(NCc2ccccc2)c1
Clc1cccnc1.Nc1ccccc1.CC(C)c1cc(C(C)C)c(-c2ccccc2[P+]([Pd])(C2CCCCC2)C2CCCCC2)c(C(C)C)c1.[K+].[OH-],c1ccc(Nc2cccnc2)cc1
O=S(=O)(Oc1ccccc1-c1ccccc1)C(F)(F)C(F)(F)C(F)(F)C(F)(F)F.Nc1ccccc1.CC(C)c1cc(C(C)C)c(-c2ccccc2[P+]([Pd])(C2CCCCC2)C2CCCCC2)c(C(C)C)c1.[K+].[OH-],c1ccc(Nc2ccccc2-c2ccccc2)cc1
CC(C)(C)c1ccc(Br)cc1.NC(=O)c1cccc(N)c1.CC(C)c1cc(C(C)C)c(-c2ccccc2[P+]([Pd])(C2CCCCC2)C2CCCCC2)c(C(C)C)c1.O=C([O-])[O-].[K+].[K+],CC(C)(C)c1ccc(NC(=O)c2cccc(N)c2)cc1
Brc1ccccc1.NC(=O)c1ccccc1N.CC(C)c1cc(C(C)C)c(-c2ccccc2[P+]([Pd])(C2CCCCC2)C2CCCCC2)c(C(C)C)c1.O=C([O-])[O-].[K+].[K+],Nc1ccccc1C(=O)Nc1ccccc1
N#Cc1ccc(Br)cc1.NC(=O)c1ccccc1N.CC(C)c1cc(C(C)C)c(-c2ccccc2[P+]([Pd])(C2CCCCC2)C2CCCCC2)c(C(C)C)c1.O=C([O-])[O-].[K+].[K+],N#Cc1ccc(NC(=O)c2ccccc2N)cc1
Cc1ccccc1Cl.NC(=O)c1ccccc1N.CC(C)c1cc(C(C)C)c(-c2ccccc2[P+]([Pd])(C2CCCCC2)C2CCCCC2)c(C(C)C)c1.O=C([O-])[O-].[K+].[K+],Cc1ccccc1NC(=O)c1ccccc1N
CCCCc1ccc(Cl)cc1.NC(=O)c1ccc(N)cc1.CC(C)c1cc(C(C)C)c(-c2ccccc2[P+]([Pd])(C2CCCCC2)C2CCCCC2)c(C(C)C)c1.O=C([O-])[O-].[K+].[K+],CCCCc1ccc(NC(=O)c2ccc(N)cc2)cc1
Cc1cc(C)cc(OS(=O)(=O)c2ccccc2)c1.NC(=O)c1ccc(N)cc1.CC(C)c1cc(C(C)C)c(-c2ccccc2[P+]([Pd])(C2CCCCC2)C2CCCCC2)c(C(C)C)c1.O=C([O-])[O-].[K+].[K+],Cc1cc(C)cc(NC(=O)c2ccc(N)cc2)c1
CCCCc1ccc(Cl)cc1.Nc1ccc2[nH]ccc2c1.CC(C)c1cc(C(C)C)c(-c2ccccc2[P+]([Pd])(C2CCCCC2)C2CCCCC2)c(C(C)C)c1.O=C([O-])[O-].[K+].[K+],CCCCc1ccc(Nc2ccc3[nH]ccc3c2)cc1
Cc1cc(C)cc(Br)c1.NCCc1ccc(N)cc1.CC(C)c1cc(C(C)C)c(-c2ccccc2[P+]([Pd])(C2CCCCC2)C2CCCCC2)c(C(C)C)c1.O=C([O-])[O-].[K+].[K+],Cc1cc(C)cc(NCCc2ccc(N)cc2)c1
COc1ccc(Cl)cc1.NC(=O)c1ccccc1.CC(C)c1cc(C(C)C)c(-c2ccccc2[P+]([Pd])(C2CCCCC2)C2CCCCC2)c(C(C)C)c1.O=P([O-])([O-])[O-].[K+].[K+].[K+],COc1ccc(NC(=O)c2ccccc2)cc1
COc1ccc(Cl)cc1.NC(=O)c1ccccc1.CC(C)c1cc(C(C)C)c(-c2ccccc2[P+]([Pd])(C(C)(C)C)C(C)(C)C)c(C(C)C)c1.O=P([O-])([O-])[O-].[K+].[K+].[K+],COc1ccc(NC(=O)c2ccccc2)cc1
COc1ccc(Cl)cc1.NC(=O)c1ccccc1.Cc1c(C)c(C)c([P+]([Pd])(C(C)(C)C)C(C)(C)C)c(-c2c(C(C)C)cc(C(C)C)cc2C(C)C)c1C.O=P([O-])([O-])[O-].[K+].[K+].[K+],COc1ccc(NC(=O)c2ccccc2)cc1
COc1ccc(Cl)cc1.NC(=O)c1ccccc1.Cc1c(C)c(C)c([P+]([Pd])(C(C)(C)C)C(C)(C)C)c(-c2c(C(C)C)cc(C(C)C)cc2C(C)C)c1C.O=P([O-])([O-])[O-].[K+].[K+].[K+],COc1ccc(NC(=O)c2ccccc2)cc1
COc1ccc(Cl)cc1.NC(=O)c1ccccc1.Cc1c(C)c(C)c([P+]([Pd])(C(C)(C)C)C(C)(C)C)c(-c2c(C(C)C)cc(C(C)C)cc2C(C)C)c1C.O=P([O-])([O-])[O-].[K+].[K+].[K+],COc1ccc(NC(=O)c2ccccc2)cc1
COc1ccc(Cl)cc1.NC(=O)c1ccccc1.Cc1c(C)c(C)c([P+]([Pd])(C(C)(C)C)C(C)(C)C)c(-c2c(C(C)C)cc(C(C)C)cc2C(C)C)c1C.O=C([O-])[O-].[K+].[K+],COc1ccc(NC(=O)c2ccccc2)cc1
COc1ccc(Cl)cc1.NC(=O)c1ccccc1.Cc1c(C)c(C)c([P+]([Pd])(C(C)(C)C)C(C)(C)C)c(-c2c(C(C)C)cc(C(C)C)cc2C(C)C)c1C.O=C([O-])[O-].[Cs+].[Cs+],COc1ccc(NC(=O)c2ccccc2)cc1
COc1ccc(Cl)cc1.NC(=O)c1ccccc1.Cc1c(C)c(C)c([P+]([Pd])(C(C)(C)C)C(C)(C)C)c(-c2c(C(C)C)cc(C(C)C)cc2C(C)C)c1C.CC(C)(C)[O-].[Na+],COc1ccc(NC(=O)c2ccccc2)cc1
COc1ccc(Cl)cc1.NC(=O)c1ccccc1.Cc1c(C)c(C)c([P+]([Pd])(C(C)(C)C)C(C)(C)C)c(-c2c(C(C)C)cc(C(C)C)cc2C(C)C)c1C.C[Si]([N-][Si](C)(C)C)(C)C.[Li+],COc1ccc(NC(=O)c2ccccc2)cc1
Cc1ccc(Cl)cc1.CC(N)=O.Cc1c(C)c(C)c([P+]([Pd])(C(C)(C)C)C(C)(C)C)c(-c2c(C(C)C)cc(C(C)C)cc2C(C)C)c1C.O=P([O-])([O-])[O-].[K+].[K+].[K+],CC(=O)Nc1ccc(C)cc1
Cc1ccc(Cl)cc1.CC(N)=O.Cc1c(C)c(C)c([P+]([Pd])(C(C)(C)C)C(C)(C)C)c(-c2c(C(C)C)cc(C(C)C)cc2C(C)C)c1C.O=P([O-])([O-])[O-].[K+].[K+].[K+],CC(=O)Nc1ccc(C)cc1
Cc1ccc(Cl)cc1.NC=O.CC(C)c1cc(C(C)C)c(-c2ccccc2[P+]([Pd])(C(C)(C)C)C(C)(C)C)c(C(C)C)c1.O=C([O-])[O-].[K+].[K+],Cc1ccc(NC=O)cc1
Cc1ccc(Cl)cc1.NS(=O)(=O)c1ccccc1.Cc1c(C)c(C)c([P+]([Pd])(C(C)(C)C)C(C)(C)C)c(-c2c(C(C)C)cc(C(C)C)cc2C(C)C)c1C.O=C([O-])[O-].[K+].[K+],Cc1ccc(NS(=O)(=O)c2ccccc2)cc1
Cc1ccc(Cl)cc1.NC(=O)C(F)(F)F.Cc1c(C)c(C)c([P+]([Pd])(C(C)(C)C)C(C)(C)C)c(-c2c(C(C)C)cc(C(C)C)cc2C(C)C)c1C.O=C([O-])[O-].[K+].[K+],Cc1ccc(NC(=O)C(F)(F)F)cc1
COc1ccc(Cl)cc1.CC(N)=O.Cc1c(C)c(C)c([P+]([Pd])(C(C)(C)C)C(C)(C)C)c(-c2c(C(C)C)cc(C(C)C)cc2C(C)C)c1C.O=P([O-])([O-])[O-].[K+].[K+].[K+],COc1ccc(NC(C)=O)cc1
COc1ccc(Cl)cc1.NC(=O)C1CCCCC1.Cc1c(C)c(C)c([P+]([Pd])(C(C)(C)C)C(C)(C)C)c(-c2c(C(C)C)cc(C(C)C)cc2C(C)C)c1C.O=P([O-])([O-])[O-].[K+].[K+].[K+],COc1ccc(NC(=O)C2CCCCC2)cc1
COc1ccc(Cl)cc1.NC=O.CC(C)c1cc(C(C)C)c(-c2ccccc2[P+]([Pd])(C(C)(C)C)C(C)(C)C)c(C(C)C)c1.O=C([O-])[O-].[K+].[K+],COc1ccc(NC=O)cc1
COc1ccccc1Cl.CC(N)=O.Cc1c(C)c(C)c([P+]([Pd])(C(C)(C)C)C(C)(C)C)c(-c2c(C(C)C)cc(C(C)C)cc2C(C)C)c1C.O=P([O-])([O-])[O-].[K+].[K+].[K+],COc1ccccc1NC(C)=O
Cc1ccccc1Cl.CC(N)=O.Cc1c(C)c(C)c([P+]([Pd])(C(C)(C)C)C(C)(C)C)c(-c2c(C(C)C)cc(C(C)C)cc2C(C)C)c1C.O=P([O-])([O-])[O-].[K+].[K+].[K+],CC(=O)Nc1ccccc1C
Oc1ccc(Cl)cc1.NC(=O)c1ccccc1.Cc1c(C)c(C)c([P+]([Pd])(C(C)(C)C)C(C)(C)C)c(-c2c(C(C)C)cc(C(C)C)cc2C(C)C)c1C.O=P([O-])([O-])[O-].[K+].[K+].[K+],O=C(Nc1ccc(O)cc1)c1ccccc1
COc1ccc(Cl)cc1.NC(=O)c1ccccc1O.Cc1c(C)c(C)c([P+]([Pd])(C(C)(C)C)C(C)(C)C)c(-c2c(C(C)C)cc(C(C)C)cc2C(C)C)c1C.O=P([O-])([O-])[O-].[K+].[K+].[K+],COc1ccc(NC(=O)c2ccccc2O)cc1
CNc1ccc(Cl)cc1.CC(N)=O.Cc1c(C)c(C)c([P+]([Pd])(C(C)(C)C)C(C)(C)C)c(-c2c(C(C)C)cc(C(C)C)cc2C(C)C)c1C.O=P([O-])([O-])[O-].[K+].[K+].[K+],CNc1ccc(NC(C)=O)cc1
CC(=O)Nc1cccc(Cl)c1.CC(N)=O.Cc1c(C)c(C)c([P+]([Pd])(C(C)(C)C)C(C)(C)C)c(-c2c(C(C)C)cc(C(C)C)cc2C(C)C)c1C.O=P([O-])([O-])[O-].[K+].[K+].[K+],CC(=O)Nc1cccc(NC(C)=O)c1
COc1cccc(Cl)c1.NC(=O)C1CC1.Cc1c(C)c(C)c([P+]([Pd])(C(C)(C)C)C(C)(C)C)c(-c2c(C(C)C)cc(C(C)C)cc2C(C)C)c1C.O=P([O-])([O-])[O-].[K+].[K+].[K+],COc1cccc(NC(=O)C2CC2)c1
N#Cc1ccc(Cl)cc1.NC(=O)C(F)(F)F.Cc1c(C)c(C)c([P+]([Pd])(C(C)(C)C)C(C)(C)C)c(-c2c(C(C)C)cc(C(C)C)cc2C(C)C)c1C.O=P([O-])([O-])[O-].[K+].[K+].[K+],N#Cc1ccc(NC(=O)C(F)(F)F)cc1
CC(=O)c1ccc(Cl)cc1.CCCCCC(N)=O.Cc1c(C)c(C)c([P+]([Pd])(C(C)(C)C)C(C)(C)C)c(-c2c(C(C)C)cc(C(C)C)cc2C(C)C)c1C.O=P([O-])([O-])[O-].[K+].[K+].[K+],CCCCCC(=O)Nc1ccc(C(C)=O)cc1
COC(=O)c1ccc(Cl)cc1.CC(N)=O.Cc1c(C)c(C)c([P+]([Pd])(C(C)(C)C)C(C)(C)C)c(-c2c(C(C)C)cc(C(C)C)cc2C(C)C)c1C.O=P([O-])([O-])[O-].[K+].[K+].[K+],COC(=O)c1ccc(NC(C)=O)cc1
Clc1cccnc1.CC(N)=O.Cc1c(C)c(C)c([P+]([Pd])(C(C)(C)C)C(C)(C)C)c(-c2c(C(C)C)cc(C(C)C)cc2C(C)C)c1C.O=P([O-])([O-])[O-].[K+].[K+].[K+],CC(=O)Nc1cccnc1
Clc1cccnc1.NC=O.Cc1c(C)c(C)c([P+]([Pd])(C(C)(C)C)C(C)(C)C)c(-c2c(C(C)C)cc(C(C)C)cc2C(C)C)c1C.O=P([O-])([O-])[O-].[K+].[K+].[K+],O=CNc1cccnc1
Clc1cccnc1.NC(=O)c1cccnc1.Cc1c(C)c(C)c([P+]([Pd])(C(C)(C)C)C(C)(C)C)c(-c2c(C(C)C)cc(C(C)C)cc2C(C)C)c1C.O=P([O-])([O-])[O-].[K+].[K+].[K+],O=C(Nc1cccnc1)c1cccnc1
Clc1cccnc1.NC(=O)c1cccs1.Cc1c(C)c(C)c([P+]([Pd])(C(C)(C)C)C(C)(C)C)c(-c2c(C(C)C)cc(C(C)C)cc2C(C)C)c1C.O=P([O-])([O-])[O-].[K+].[K+].[K+],O=C(Nc1cccnc1)c1cccs1
Clc1ccsc1.NC(=O)Cc1cccs1.Cc1c(C)c(C)c([P+]([Pd])(C(C)(C)C)C(C)(C)C)c(-c2c(C(C)C)cc(C(C)C)cc2C(C)C)c1C.O=P([O-])([O-])[O-].[K+].[K+].[K+],O=C(Cc1cccs1)Nc1ccsc1
Clc1ccc2ncccc2c1.CC(N)=O.Cc1c(C)c(C)c([P+]([Pd])(C(C)(C)C)C(C)(C)C)c(-c2c(C(C)C)cc(C(C)C)cc2C(C)C)c1C.O=P([O-])([O-])[O-].[K+].[K+].[K+],CC(=O)Nc1ccc2ncccc2c1
Clc1ccc2ncccc2c1.NC=O.CC(C)c1cc(C(C)C)c(-c2ccccc2[P+]([Pd])(C(C)(C)C)C(C)(C)C)c(C(C)C)c1.O=C([O-])[O-].[K+].[K+],O=CNc1ccc2ncccc2c1
Clc1ccc(Br)cc1.CC(N)=O.Cc1c(C)c(C)c([P+]([Pd])(C(C)(C)C)C(C)(C)C)c(-c2c(C(C)C)cc(C(C)C)cc2C(C)C)c1C.O=P([O-])([O-])[O-].[K+].[K+].[K+],CC(=O)Nc1ccc(Br)cc1
Clc1ccccc1Br.CC(N)=O.Cc1c(C)c(C)c([P+]([Pd])(C(C)(C)C)C(C)(C)C)c(-c2c(C(C)C)cc(C(C)C)cc2C(C)C)c1C.O=P([O-])([O-])[O-].[K+].[K+].[K+],CC(=O)Nc1ccccc1Br
Brc1cnc2ccccc2c1.NC(=O)c1ccco1.Cc1c(C)c(C)c([P+]([Pd])(C(C)(C)C)C(C)(C)C)c(-c2c(C(C)C)cc(C(C)C)cc2C(C)C)c1C.O=P([O-])([O-])[O-].[K+].[K+].[K+],O=C(Nc1cnc2ccccc2c1)c1ccco1
Brc1cnc2ccccc2c1.NC=O.Cc1c(C)c(C)c([P+]([Pd])(C(C)(C)C)C(C)(C)C)c(-c2c(C(C)C)cc(C(C)C)cc2C(C)C)c1C.O=P([O-])([O-])[O-].[K+].[K+].[K+],O=CNc1cnc2ccccc2c1
O=S(=O)(Oc1ccccc1)C(F)(F)F.NC(=O)c1ccccc1.Cc1c(C)c(C)c([P+]([Pd])(C(C)(C)C)C(C)(C)C)c(-c2c(C(C)C)cc(C(C)C)cc2C(C)C)c1C.O=P([O-])([O-])[O-].[K+].[K+].[K+],O=C(Nc1ccccc1)c1ccccc1
COc1ccc(OS(=O)(=O)C(F)(F)F)cc1.NC(=O)c1ccccc1.Cc1c(C)c(C)c([P+]([Pd])(C(C)(C)C)C(C)(C)C)c(-c2c(C(C)C)cc(C(C)C)cc2C(C)C)c1C.O=P([O-])([O-])[O-].[K+].[K+].[K+],COc1ccc(NC(=O)c2ccccc2)cc1
Cc1ccc(S(=O)(=O)Oc2ccc(C(C)(C)C)cc2)cc1.CC(N)=O.Cc1c(C)c(C)c([P+]([Pd])(C(C)(C)C)C(C)(C)C)c(-c2c(C(C)C)cc(C(C)C)cc2C(C)C)c1C.O=P([O-])([O-])[O-].[K+].[K+].[K+],CC(=O)Nc1ccc(C(C)(C)C)cc1
COc1ccc(OS(=O)(=O)c2ccc(C)cc2)cc1.CC(N)=O.Cc1c(C)c(C)c([P+]([Pd])(C(C)(C)C)C(C)(C)C)c(-c2c(C(C)C)cc(C(C)C)cc2C(C)C)c1C.O=P([O-])([O-])[O-].[K+].[K+].[K+],COc1ccc(NC(C)=O)cc1
Oc1ccc(Cl)cc1.CCCCCCN.CC(C)c1cc(C(C)C)c(-c2ccccc2[P+]([Pd])(C2CCCCC2)C2CCCCC2)c(C(C)C)c1.C[Si]([N-][Si](C)(C)C)(C)C.[Li+],CCCCCCNc1ccc(O)cc1
Oc1ccc(Cl)cc1.CCCCCCN.CC(C)c1cc(C(C)C)c(-c2ccccc2[P+]([Pd])(C2CCCCC2)C2CCCCC2)c(C(C)C)c1.CC(C)(C)[O-].[Na+],CCCCCCNc1ccc(O)cc1
Oc1ccc(Cl)cc1.CCCCCCN.CC(C)c1cc(C(C)C)c(-c2ccccc2[P+]([Pd])(C(C)(C)C)C(C)(C)C)c(C(C)C)c1.C[Si]([N-][Si](C)(C)C)(C)C.[Li+],CCCCCCNc1ccc(O)cc1
Oc1ccc(Cl)cc1.CCCCCCN.CC(C)c1cc(C(C)C)c(-c2ccccc2[P+]([Pd])(C(C)(C)C)C(C)(C)C)c(C(C)C)c1.C[Si]([N-][Si](C)(C)C)(C)C.[Li+],CCCCCCNc1ccc(O)cc1
Oc1ccc(Cl)cc1.CCCCCCN.CC(C)c1cc(C(C)C)c(-c2ccccc2[P+]([Pd])(C(C)(C)C)C(C)(C)C)c(C(C)C)c1.C[Si]([N-][Si](C)(C)C)(C)C.[Li+],CCCCCCNc1ccc(O)cc1
Oc1ccc(Cl)cc1.CCCCCCN.CC(C)c1cc(C(C)C)c(-c2ccccc2[P+]([Pd])(C(C)(C)C)C(C)(C)C)c(C(C)C)c1.CC(C)(C)[O-].[Na+],CCCCCCNc1ccc(O)cc1
NC(=O)c1cccc(Cl)c1.COc1ccc(N)cc1.CC(C)c1cc(C(C)C)c(-c2ccccc2[P+]([Pd])(C2CCCCC2)C2CCCCC2)c(C(C)C)c1.O=C([O-])[O-].[K+].[K+],COc1ccc(Nc2cccc(C(N)=O)c2)cc1
NC(=O)c1cccc(Cl)c1.COc1ccc(N)cc1.CC(C)c1cc(C(C)C)c(-c2ccccc2[P+]([Pd])(C2CCCCC2)C2CCCCC2)c(C(C)C)c1.CC(C)(C)[O-].[Na+],COc1ccc(Nc2cccc(C(N)=O)c2)cc1
NC(=O)c1cccc(Cl)c1.NCc1ccccc1.CC(C)c1cc(C(C)C)c(-c2ccccc2[P+]([Pd])(C2CCCCC2)C2CCCCC2)c(C(C)C)c1.C[Si]([N-][Si](C)(C)C)(C)C.[Li+],NC(=O)c1cccc(NCc2ccccc2)c1
Nc1ccc(Cl)cn1.Nc1ccccc1.CC(C)c1cc(C(C)C)c(-c2ccccc2[P+]([Pd])(C2CCCCC2)C2CCCCC2)c(C(C)C)c1.C[Si]([N-][Si](C)(C)C)(C)C.[Li+],Nc1ccc(Nc2ccccc2)cn1
Nc1ccc(Cl)cn1.NCc1ccccc1.CC(C)c1cc(C(C)C)c(-c2ccccc2[P+]([Pd])(C(C)(C)C)C(C)(C)C)c(C(C)C)c1.C[Si]([N-][Si](C)(C)C)(C)C.[Li+],Nc1ccc(NCc2ccccc2)cn1
Oc1ccc(Cl)cc1.Nc1ccccn1.CC(C)c1cc(C(C)C)c(-c2ccccc2[P+]([Pd])(C(C)(C)C)C(C)(C)C)c(C(C)C)c1.CC(C)(C)[O-].[Na+],Oc1ccc(Nc2ccccn2)cc1
NC(=O)c1cccc(Br)c1.Nc1ccccn1.CC(C)c1cc(C(C)C)c(-c2ccccc2[P+]([Pd])(C(C)(C)C)C(C)(C)C)c(C(C)C)c1.CC(C)(C)[O-].[Na+],NC(=O)c1cccc(Nc2ccccn2)c1
Brc1ccc2[nH]ccc2c1.Nc1ncccn1.CC(C)c1cc(C(C)C)c(-c2ccccc2[P+]([Pd])(C(C)(C)C)C(C)(C)C)c(C(C)C)c1.O=C([O-])[O-].[Cs+].[Cs+],c1cnc(Nc2ccc3[nH]ccc3c2)nc1
Clc1ccc2ncccc2c1.Nc1cnccn1.CC(C)c1cc(C(C)C)c(-c2ccccc2[P+]([Pd])(C(C)(C)C)C(C)(C)C)c(C(C)C)c1.O=C([O-])[O-].[Cs+].[Cs+],c1cnc2ccc(Nc3cnccn3)cc2c1
Brc1cncnc1.Nc1ccc(Cl)cn1.CC(C)c1cc(C(C)C)c(-c2ccccc2[P+]([Pd])(C(C)(C)C)C(C)(C)C)c(C(C)C)c1.CC(C)(C)[O-].[Na+],Clc1ccc(Nc2cncnc2)nc1
Clc1cccnc1.CCn1nccc1N.CC(C)c1cc(C(C)C)c(-c2ccccc2[P+]([Pd])(C(C)(C)C)C(C)(C)C)c(C(C)C)c1.CC(C)(C)[O-].[Na+],CCn1nccc1Nc1cccnc1
Nc1ncc(Br)cn1.NCc1ccco1.CC(C)c1cc(C(C)C)c(-c2ccccc2[P+]([Pd])(C(C)(C)C)C(C)(C)C)c(C(C)C)c1.CC(C)(C)[O-].[Na+],Nc1ncc(NCc2ccco2)cn1
Cc1cc(C)cc(Br)c1.Nc1ccc2[nH]ncc2c1.CC(C)c1cc(C(C)C)c(-c2ccccc2[P+]([Pd])(C(C)(C)C)C(C)(C)C)c(C(C)C)c1.CC(C)(C)[O-].[Na+],Cc1cc(C)cc(Nc2ccc3[nH]ncc3c2)c1
Brc1cn[nH]c1.Nc1ccccc1.CC(C)c1cc(C(C)C)c(-c2ccccc2[P+]([Pd])(C(C)(C)C)C(C)(C)C)c(C(C)C)c1.CC(C)(C)[O-].[Na+],c1ccc(Nc2cn[nH]c2)cc1
Brc1cnc2ccccc2c1.Nc1cc(-c2ccccc2)n[nH]1.CC(C)c1cc(C(C)C)c(-c2ccccc2[P+]([Pd])(C(C)(C)C)C(C)(C)C)c(C(C)C)c1.CC(C)(C)[O-].[Na+],c1ccc(-c2cc(Nc3cnc4ccccc4c3)[nH]n2)cc1
CC(C)(C)c1ccc(Br)cc1.COc1ccc(N)cc1.CC(C)CN1CC2(C)CN(CC(C)C)[P+]1([Pd])N(CC(C)C)C2.CC(C)(C)[O-].[Na+],COc1ccc(Nc2ccc(C(C)(C)C)cc2)cc1
COc1ccc(Br)cc1.Cc1ccc(N)cc1.CC(C)CN1CC2(C)CN(CC(C)C)[P+]1([Pd])N(CC(C)C)C2.CC(C)(C)[O-].[Na+],COc1ccc(Nc2ccc(C)cc2)cc1
COc1ccc(Br)cc1.Cc1cccc(C)c1N.CC(C)CN1CC2(C)CN(CC(C)C)[P+]1([Pd])N(CC(C)C)C2.CC(C)(C)[O-].[Na+],COc1ccc(Nc2c(C)cccc2C)cc1
Cc1cc(C)c(Br)c(C)c1.Cc1cccc(C)c1N.CC(C)CN1CC2(C)CN(CC(C)C)[P+]1([Pd])N(CC(C)C)C2.CC(C)(C)[O-].[Na+],Cc1cc(C)c(Nc2c(C)cccc2C)c(C)c1
CC(C)(C)c1ccc(Br)cc1.Nc1cccc([N+](=O)[O-])c1.CC(C)CN1CC2(C)CN(CC(C)C)[P+]1([Pd])N(CC(C)C)C2.O=C([O-])[O-].[Cs+].[Cs+],CC(C)(C)c1ccc(Nc2cccc([N+](=O)[O-])c2)cc1
N#Cc1ccc(Cl)cc1.Cc1ccc(N)cc1.CC(C)CN1CC2(C)CN(CC(C)C)[P+]1([Pd])N(CC(C)C)C2.O=C([O-])[O-].[Cs+].[Cs+],Cc1ccc(Nc2ccc(C#N)cc2)cc1
O=[N+]([O-])c1ccc(Cl)cc1.COc1ccc(N)cc1.CC(C)CN1CC2(C)CN(CC(C)C)[P+]1([Pd])N(CC(C)C)C2.O=C([O-])[O-].[Cs+].[Cs+],COc1ccc(Nc2ccc([N+](=O)[O-])cc2)cc1
Cc1ccc(Cl)cc1.COc1ccc(N)cc1.CC(C)CN1CC2(C)CN(CC(C)C)[P+]1([Pd])N(CC(C)C)C2.O=C([O-])[O-].[Cs+].[Cs+],COc1ccc(Nc2ccc(C)cc2)cc1
COc1cccc(Cl)c1.Cc1ccc(N)cc1.CC(C)CN1CC2(C)CN(CC(C)C)[P+]1([Pd])N(CC(C)C)C2.O=C([O-])[O-].[Cs+].[Cs+],COc1cccc(Nc2ccc(C)cc2)c1
Cc1ccc(I)cc1.Cc1cccc(C)c1N.CC(C)CN1CC2(C)CN(CC(C)C)[P+]1([Pd])N(CC(C)C)C2.O=C([O-])[O-].[Cs+].[Cs+],Cc1ccc(Nc2c(C)cccc2C)cc1
COc1cccc(I)c1.Cc1ccc(N)cc1.CC(C)CN1CC2(C)CN(CC(C)C)[P+]1([Pd])N(CC(C)C)C2.O=C([O-])[O-].[Cs+].[Cs+],COc1cccc(Nc2ccc(C)cc2)c1
COc1ccc(I)cc1.Cc1ccc(N)cc1.CC(C)CN1CC2(C)CN(CC(C)C)[P+]1([Pd])N(CC(C)C)C2.O=C([O-])[O-].[Cs+].[Cs+],COc1ccc(Nc2ccc(C)cc2)cc1
Cc1ccc(Cl)cc1.Nc1ccccc1.CC(C)(C)[P+]([Pd])(c1nnn(-c2ccccc2)c1-c1ccccc1)C(C)(C)C.CC(C)(C)[O-].[K+],Cc1ccc(Nc2ccccc2)cc1
Cc1ccc(Cl)cc1.Nc1ccccc1.CC(C)(C)[P+]([Pd])(c1nnn(-c2ccccc2)c1-c1ccccc1)C(C)(C)C.CC(C)(C)[O-].[K+],Cc1ccc(Nc2ccccc2)cc1
Cc1ccc(Cl)cc1.Nc1ccccc1.CC(C)(C)[P+]([Pd])(c1nnn(-c2ccccc2)c1-c1ccccc1)C(C)(C)C.CC(C)(C)[O-].[K+],Cc1ccc(Nc2ccccc2)cc1
Cc1ccc(Cl)cc1.Nc1ccccc1.CC(C)(C)[P+]([Pd])(c1nnn(-c2ccccc2)c1-c1ccccc1)C(C)(C)C.CC(C)(C)[O-].[Na+],Cc1ccc(Nc2ccccc2)cc1
Cc1ccc(Cl)cc1.Nc1ccccc1.CC(C)(C)[P+]([Pd])(c1nnn(-c2ccccc2)c1-c1ccccc1)C(C)(C)C.CC(C)(C)[O-].[Na+],Cc1ccc(Nc2ccccc2)cc1
Cc1ccc(Cl)cc1.Nc1ccccc1.CC(C)(C)[P+]([Pd])(c1nnn(-c2ccccc2)c1-c1ccccc1)C(C)(C)C.CC(C)(C)[O-].[Na+],Cc1ccc(Nc2ccccc2)cc1
Cc1ccc(Cl)cc1.Nc1ccccc1.CC(C)(C)[P+]([Pd])(c1nnn(-c2ccccc2)c1-c1ccccc1)C(C)(C)C.CC(C)(C)[O-].[Na+],Cc1ccc(Nc2ccccc2)cc1
Cc1ccc(Cl)cc1.Nc1ccccc1.[Pd][P+](c1nnn(-c2ccccc2)c1-c1ccccc1)(C1CCCCC1)C1CCCCC1.CC(C)(C)[O-].[Na+],Cc1ccc(Nc2ccccc2)cc1
Cc1ccc(Cl)cc1.Nc1ccccc1.[Pd][P+](c1nnn(-c2ccccc2)c1-c1cccc2ccccc12)(C1CCCCC1)C1CCCCC1.CC(C)(C)[O-].[Na+],Cc1ccc(Nc2ccccc2)cc1
Cc1ccc(Cl)cc1.Nc1ccccc1.CC(C)(C)[P+]([Pd])(c1nnn(-c2ccccc2)c1-c1cccc2ccccc12)C(C)(C)C.CC(C)(C)[O-].[Na+],Cc1ccc(Nc2ccccc2)cc1
Cc1ccc(Cl)cc1.Nc1ccccc1.COc1ccccc1-c1c([P+]([Pd])(C2CCCCC2)C2CCCCC2)nnn1-c1ccccc1.CC(C)(C)[O-].[Na+],Cc1ccc(Nc2ccccc2)cc1
Cc1ccc(Cl)cc1.Nc1ccccc1.COc1ccccc1-c1c([P+]([Pd])(C(C)(C)C)C(C)(C)C)nnn1-c1ccccc1.CC(C)(C)[O-].[Na+],Cc1ccc(Nc2ccccc2)cc1
Cc1ccc(Cl)cc1.Nc1ccccc1.CN(C)c1ccccc1-c1c([P+]([Pd])(C(C)(C)C)C(C)(C)C)nnn1-c1ccccc1.CC(C)(C)[O-].[Na+],Cc1ccc(Nc2ccccc2)cc1
Cc1ccc(Cl)cc1.Nc1ccccc1.COc1cccc(OC)c1-c1c([P+]([Pd])(C(C)(C)C)C(C)(C)C)nnn1-c1ccccc1.CC(C)(C)[O-].[Na+],Cc1ccc(Nc2ccccc2)cc1
Cc1ccc(Cl)cc1.Nc1ccccc1.COc1cccc(OC)c1-c1c([P+]([Pd])(C2CCCCC2)C2CCCCC2)nnn1-c1ccccc1.CC(C)(C)[O-].[Na+],Cc1ccc(Nc2ccccc2)cc1
Cc1ccc(Cl)cc1.COc1ccc(N)cc1.COc1ccccc1-c1c([P+]([Pd])(C(C)(C)C)C(C)(C)C)nnn1-c1ccccc1.CC(C)(C)[O-].[K+],COc1ccc(Nc2ccc(C)cc2)cc1
Cc1ccc(Cl)cc1.CCCCN.COc1ccccc1-c1c([P+]([Pd])(C(C)(C)C)C(C)(C)C)nnn1-c1ccccc1.CC(C)(C)[O-].[Na+],CCCCNc1ccc(C)cc1
Cc1ccccc1Cl.Nc1ccccc1.COc1ccccc1-c1c([P+]([Pd])(C(C)(C)C)C(C)(C)C)nnn1-c1ccccc1.CC(C)(C)[O-].[Na+],Cc1ccccc1Nc1ccccc1
Cc1ccc(C)c(Cl)c1.Nc1ccccc1.COc1ccccc1-c1c([P+]([Pd])(C(C)(C)C)C(C)(C)C)nnn1-c1ccccc1.CC(C)(C)[O-].[Na+],Cc1ccc(C)c(Nc2ccccc2)c1
Cc1ccc(Br)cc1.Cc1cc(C)c(N)c(C)c1.CC(C)(C)C[P+]([Pd])(C(C)(C)C)C(C)(C)C.CC(C)(C)[O-].[Na+],Cc1ccc(Nc2c(C)cc(C)cc2C)cc1
Cc1ccc(Br)cc1.Cc1cc(C)c(N)c(C)c1.CC(C)(C)C[P+]([Pd])(CC(C)(C)C)CC(C)(C)C.CC(C)(C)[O-].[Na+],Cc1ccc(Nc2c(C)cc(C)cc2C)cc1
Cc1ccc(Br)cc1.CC(C)c1cccc(C(C)C)c1N.CC(C)(C)C[P+]([Pd])(C(C)(C)C)C(C)(C)C.CC(C)(C)[O-].[Na+],Cc1ccc(Nc2c(C(C)C)cccc2C(C)C)cc1
Cc1ccc(Br)cc1.CC(C)c1cccc(C(C)C)c1N.CC(C)(C)C[P+]([Pd])(CC(C)(C)C)CC(C)(C)C.CC(C)(C)[O-].[Na+],Cc1ccc(Nc2c(C(C)C)cccc2C(C)C)cc1
Cc1cccc(C)c1Br.Cc1cc(C)c(N)c(C)c1.CC(C)(C)C[P+]([Pd])(C(C)(C)C)C(C)(C)C.CC(C)(C)[O-].[Na+],Cc1cc(C)c(Nc2c(C)cccc2C)c(C)c1
Cc1cccc(C)c1Br.Cc1cc(C)c(N)c(C)c1.CC(C)(C)C[P+]([Pd])(CC(C)(C)C)CC(C)(C)C.CC(C)(C)[O-].[Na+],Cc1cc(C)c(Nc2c(C)cccc2C)c(C)c1
Cc1cccc(C)c1Br.CC(C)c1cccc(C(C)C)c1N.CC(C)(C)C[P+]([Pd])(C(C)(C)C)C(C)(C)C.CC(C)(C)[O-].[Na+],Cc1cccc(C)c1Nc1c(C(C)C)cccc1C(C)C
Cc1cccc(C)c1Br.CC(C)c1cccc(C(C)C)c1N.CC(C)(C)C[P+]([Pd])(CC(C)(C)C)CC(C)(C)C.CC(C)(C)[O-].[Na+],Cc1cccc(C)c1Nc1c(C(C)C)cccc1C(C)C
Cc1cc(C)c(Br)c(C)c1.Cc1cccc(C)c1N.CC(C)(C)C[P+]([Pd])(CC(C)(C)C)CC(C)(C)C.CC(C)(C)[O-].[Na+],Cc1cc(C)c(Nc2c(C)cccc2C)c(C)c1
Cc1cc(C)c(Br)c(C)c1.CC(C)c1cccc(C(C)C)c1N.CC(C)(C)C[P+]([Pd])(CC(C)(C)C)CC(C)(C)C.CC(C)(C)[O-].[Na+],Cc1cc(C)c(Nc2c(C(C)C)cccc2C(C)C)c(C)c1
COc1ccc(Br)cc1.CC(C)c1cccc(C(C)C)c1N.CC(C)(C)C[P+]([Pd])(CC(C)(C)C)CC(C)(C)C.CC(C)(C)[O-].[Na+],COc1ccc(Nc2c(C(C)C)cccc2C(C)C)cc1
COc1ccc(Br)c(C)c1.CC(C)c1cccc(C(C)C)c1N.CC(C)(C)C[P+]([Pd])(CC(C)(C)C)CC(C)(C)C.CC(C)(C)[O-].[Na+],COc1ccc(Nc2c(C(C)C)cccc2C(C)C)c(C)c1
COc1ccccc1Br.CC(C)c1cccc(C(C)C)c1N.CC(C)(C)C[P+]([Pd])(CC(C)(C)C)CC(C)(C)C.CC(C)(C)[O-].[Na+],COc1ccccc1Nc1c(C(C)C)cccc1C(C)C
Brc1ccccc1-c1ccccc1.CC(C)c1cccc(C(C)C)c1N.CC(C)(C)C[P+]([Pd])(CC(C)(C)C)CC(C)(C)C.CC(C)(C)[O-].[Na+],CC(C)c1cccc(C(C)C)c1Nc1ccccc1-c1ccccc1
Brc1cccc2ccccc12.CC(C)c1cccc(C(C)C)c1N.CC(C)(C)C[P+]([Pd])(CC(C)(C)C)CC(C)(C)C.CC(C)(C)[O-].[Na+],CC(C)c1cccc(C(C)C)c1Nc1cccc2ccccc12
COc1ccc2ccccc2c1Br.CC(C)c1cccc(C(C)C)c1N.CC(C)(C)C[P+]([Pd])(CC(C)(C)C)CC(C)(C)C.CC(C)(C)[O-].[Na+],COc1ccc2ccccc2c1Nc1c(C(C)C)cccc1C(C)C
CC(C)c1cc(C(C)C)c(Br)c(C(C)C)c1.CC(C)c1cccc(C(C)C)c1N.CC(C)(C)C[P+]([Pd])(CC(C)(C)C)CC(C)(C)C.CC(C)(C)[O-].[Na+],CC(C)c1cc(C(C)C)c(Nc2c(C(C)C)cccc2C(C)C)c(C(C)C)c1
CC(C)c1cc(C(C)C)c(Br)c(C(C)C)c1.CC(C)(C)c1ccccc1N.CC(C)(C)C[P+]([Pd])(CC(C)(C)C)CC(C)(C)C.CC(C)(C)[O-].[Na+],CC(C)c1cc(C(C)C)c(Nc2ccccc2C(C)(C)C)c(C(C)C)c1
CC(C)c1cc(C(C)C)c(Br)c(C(C)C)c1.Nc1cccc2ccccc12.CC(C)(C)C[P+]([Pd])(CC(C)(C)C)CC(C)(C)C.CC(C)(C)[O-].[Na+],CC(C)c1cc(C(C)C)c(Nc2cccc3ccccc23)c(C(C)C)c1
Cc1cccc(C)c1Br.Nc1cccc2ccccc12.CC(C)(C)C[P+]([Pd])(CC(C)(C)C)CC(C)(C)C.CC(C)(C)[O-].[Na+],Cc1cccc(C)c1Nc1cccc2ccccc12
Brc1ccccc1-c1ccccc1.Nc1cccc2ccccc12.CC(C)(C)C[P+]([Pd])(CC(C)(C)C)CC(C)(C)C.CC(C)(C)[O-].[Na+],c1ccc(-c2ccccc2Nc2cccc3ccccc23)cc1
Cc1cccc(C)c1Br.CC(C)(C)c1ccccc1N.CC(C)(C)C[P+]([Pd])(CC(C)(C)C)CC(C)(C)C.CC(C)(C)[O-].[Na+],Cc1cccc(C)c1Nc1ccccc1C(C)(C)C
Cc1cccc(C)c1Br.COc1ccccc1N.CC(C)(C)C[P+]([Pd])(CC(C)(C)C)CC(C)(C)C.CC(C)(C)[O-].[Na+],COc1ccccc1Nc1c(C)cccc1C
Cc1ccccc1Br.CCN(CC)S(=O)(=O)c1ccc(N)c(OC)c1.CC(C)(C)C[P+]([Pd])(CC(C)(C)C)CC(C)(C)C.CC(C)(C)[O-].[Na+],CCN(CC)S(=O)(=O)c1ccc(Nc2ccccc2C)c(OC)c1
Cc1ccccc1Br.COc1cc([N+](=O)[O-])ccc1N.CC(C)(C)C[P+]([Pd])(CC(C)(C)C)CC(C)(C)C.CC(C)(C)[O-].[Na+],COc1cc([N+](=O)[O-])ccc1Nc1ccccc1C
COc1ccc(Cl)cc1.CC(C)c1cccc(C(C)C)c1N.CC(C)(C)C[P+]([Pd])(CC(C)(C)C)CC(C)(C)C.CC(C)(C)[O-].[Na+],COc1ccc(Nc2c(C(C)C)cccc2C(C)C)cc1
COc1ccccc1Cl.CC(C)c1cccc(C(C)C)c1N.CC(C)(C)C[P+]([Pd])(CC(C)(C)C)CC(C)(C)C.CC(C)(C)[O-].[Na+],COc1ccccc1Nc1c(C(C)C)cccc1C(C)C
Cc1ccccc1Cl.CC(C)c1cccc(C(C)C)c1N.CC(C)(C)C[P+]([Pd])(CC(C)(C)C)CC(C)(C)C.CC(C)(C)[O-].[Na+],Cc1ccccc1Nc1c(C(C)C)cccc1C(C)C
Cc1cccc(C)c1Cl.CC(C)c1cccc(C(C)C)c1N.CC(C)(C)C[P+]([Pd])(CC(C)(C)C)CC(C)(C)C.CC(C)(C)[O-].[Na+],Cc1cccc(C)c1Nc1c(C(C)C)cccc1C(C)C
Cc1cccc(C)c1Cl.Cc1cccc(C)c1N.CC(C)(C)C[P+]([Pd])(CC(C)(C)C)CC(C)(C)C.CC(C)(C)[O-].[Na+],Cc1cccc(C)c1Nc1c(C)cccc1C
Cc1cccc(C)c1Cl.Cc1cccc(C)c1N.CC(C)(C)C[P+]([Pd])(CC(C)(C)C)CC(C)(C)C.CC(C)(C)[O-].[Na+],Cc1cccc(C)c1Nc1c(C)cccc1C
Cc1cccc(C)c1Cl.CC(C)(C)c1ccccc1N.CC(C)(C)C[P+]([Pd])(CC(C)(C)C)CC(C)(C)C.CC(C)(C)[O-].[Na+],Cc1cccc(C)c1Nc1ccccc1C(C)(C)C
Cc1cccc(C)c1Cl.Nc1cccc2ccccc12.CC(C)(C)C[P+]([Pd])(CC(C)(C)C)CC(C)(C)C.CC(C)(C)[O-].[Na+],Cc1cccc(C)c1Nc1cccc2ccccc12
Cc1cccc(C)c1Cl.COc1ccccc1N.CC(C)(C)C[P+]([Pd])(CC(C)(C)C)CC(C)(C)C.CC(C)(C)[O-].[Na+],COc1ccccc1Nc1c(C)cccc1C
Cc1cccc(C)c1Cl.COc1ccccc1N.CC(C)(C)C[P+]([Pd])(CC(C)(C)C)CC(C)(C)C.CC(C)(C)[O-].[Na+],COc1ccccc1Nc1c(C)cccc1C
Brc1c2ccccc2cc2ccccc12.CC(C)c1cccc(C(C)C)c1N.CC(C)(C)C[P+]([Pd])(CC(C)(C)C)CC(C)(C)C.CC(C)(C)[O-].[Na+],CC(C)c1cccc(C(C)C)c1Nc1c2ccccc2cc2ccccc12
Brc1c2ccccc2cc2ccccc12.Cc1cccc(C)c1N.CC(C)(C)C[P+]([Pd])(CC(C)(C)C)CC(C)(C)C.CC(C)(C)[O-].[Na+],Cc1cccc(C)c1Nc1c2ccccc2cc2ccccc12
Brc1c2ccccc2cc2ccccc12.Nc1ccccc1.CC(C)(C)C[P+]([Pd])(CC(C)(C)C)CC(C)(C)C.CC(C)(C)[O-].[Na+],c1ccc(Nc2c3ccccc3cc3ccccc23)cc1
Brc1c2ccccc2cc2ccccc12.CC(C)(C)c1ccccc1N.CC(C)(C)C[P+]([Pd])(CC(C)(C)C)CC(C)(C)C.CC(C)(C)[O-].[Na+],CC(C)(C)c1ccccc1Nc1c2ccccc2cc2ccccc12
Brc1c2ccccc2cc2ccccc12.COc1ccccc1N.CC(C)(C)C[P+]([Pd])(CC(C)(C)C)CC(C)(C)C.CC(C)(C)[O-].[Na+],COc1ccccc1Nc1c2ccccc2cc2ccccc12
CC(C)c1cc(C(C)C)c(Br)c(C(C)C)c1.CC(C)c1cccc(C(C)C)c1N.CC(C)(C)[P+]([Pd])(C(C)(C)C)C(C)(C)C.CC(C)(C)[O-].[Na+],CC(C)c1cc(C(C)C)c(Nc2c(C(C)C)cccc2C(C)C)c(C(C)C)c1
CC(C)c1cc(C(C)C)c(Br)c(C(C)C)c1.CC(C)c1cccc(C(C)C)c1N.CC(C)(C)C[P+]([Pd])(C(C)(C)C)C(C)(C)C.CC(C)(C)[O-].[Na+],CC(C)c1cc(C(C)C)c(Nc2c(C(C)C)cccc2C(C)C)c(C(C)C)c1
CC(C)c1cc(C(C)C)c(Br)c(C(C)C)c1.CC(C)c1cccc(C(C)C)c1N.CC(C)(C)C[P+]([Pd])(CC(C)(C)C)C(C)(C)C.CC(C)(C)[O-].[Na+],CC(C)c1cc(C(C)C)c(Nc2c(C(C)C)cccc2C(C)C)c(C(C)C)c1
CC(C)c1cc(C(C)C)c(Br)c(C(C)C)c1.CC(C)c1cccc(C(C)C)c1N.[Pd][P+](C1CCCCC1)(C1CCCCC1)C1CCCCC1.CC(C)(C)[O-].[Na+],CC(C)c1cc(C(C)C)c(Nc2c(C(C)C)cccc2C(C)C)c(C(C)C)c1
CC(C)c1cc(C(C)C)c(Br)c(C(C)C)c1.CC(C)c1cccc(C(C)C)c1N.CCCC[P+]([Pd])(CCCC)CCCC.CC(C)(C)[O-].[Na+],CC(C)c1cc(C(C)C)c(Nc2c(C(C)C)cccc2C(C)C)c(C(C)C)c1
CC(C)c1cc(C(C)C)c(Br)c(C(C)C)c1.CC(C)c1cccc(C(C)C)c1N.CC(C)(C)[P+](C)([Pd])C(C)(C)C.CC(C)(C)[O-].[Na+],CC(C)c1cc(C(C)C)c(Nc2c(C(C)C)cccc2C(C)C)c(C(C)C)c1
CC(C)c1cc(C(C)C)c(Br)c(C(C)C)c1.CC(C)c1cccc(C(C)C)c1N.[Pd][P+](c1ccccc1)(c1ccccc1)c1ccccc1.CC(C)(C)[O-].[Na+],CC(C)c1cc(C(C)C)c(Nc2c(C(C)C)cccc2C(C)C)c(C(C)C)c1
CC(C)c1cc(C(C)C)c(Br)c(C(C)C)c1.CC(C)c1cccc(C(C)C)c1N.Cc1ccccc1[P+]([Pd])(c1ccccc1C)c1ccccc1C.CC(C)(C)[O-].[Na+],CC(C)c1cc(C(C)C)c(Nc2c(C(C)C)cccc2C(C)C)c(C(C)C)c1
COc1ccc(Cl)cc1.Nc1ccccc1.COc1ccc(OC)c([P+]([Pd])(C2CCCCC2)C2CCCCC2)c1-c1c(C(C)C)cc(C(C)C)cc1C(C)C.CC(C)(C)[O-].[Na+],COc1ccc(Nc2ccccc2)cc1
COc1ccc(I)cc1.Nc1ccccc1.COc1ccc(OC)c([P+]([Pd])(C2CCCCC2)C2CCCCC2)c1-c1c(C(C)C)cc(C(C)C)cc1C(C)C.CC(C)(C)[O-].[Na+],COc1ccc(Nc2ccccc2)cc1
CCOC(=O)c1ccc(Cl)cc1.Nc1ccccc1-c1ccccc1.COc1ccc(OC)c([P+]([Pd])(C2CCCCC2)C2CCCCC2)c1-c1c(C(C)C)cc(C(C)C)cc1C(C)C.O=C([O-])[O-].[Cs+].[Cs+],CCOC(=O)c1ccc(Nc2ccccc2-c2ccccc2)cc1
Clc1ccc2ccccc2n1.NCc1ccco1.COc1ccc(OC)c([P+]([Pd])(C2CCCCC2)C2CCCCC2)c1-c1c(C(C)C)cc(C(C)C)cc1C(C)C.CC(C)(C)[O-].[Na+],c1coc(CNc2ccc3ccccc3n2)c1
N#Cc1cccc(Cl)c1.CCCCCCCCN.COc1ccc(OC)c([P+]([Pd])(C2CCCCC2)C2CCCCC2)c1-c1c(C(C)C)cc(C(C)C)cc1C(C)C.O=C([O-])[O-].[Cs+].[Cs+],CCCCCCCCNc1cccc(C#N)c1
COc1ccccc1Cl.Cc1ccnc(N)n1.COc1ccc(OC)c([P+]([Pd])(C2CCCCC2)C2CCCCC2)c1-c1c(C(C)C)cc(C(C)C)cc1C(C)C.CC(C)(C)[O-].[Na+],COc1ccccc1Nc1nccc(C)n1
CN(C)c1nc(Cl)ncc1F.NCCc1cccs1.COc1ccc(OC)c([P+]([Pd])(C2CCCCC2)C2CCCCC2)c1-c1c(C(C)C)cc(C(C)C)cc1C(C)C.CC(C)(C)[O-].[Na+],CN(C)c1nc(NCCc2cccs2)ncc1F
Cc1ccc(Cl)nc1.COc1cc(N)cc(OC)c1OC.COc1ccc(OC)c([P+]([Pd])(C2CCCCC2)C2CCCCC2)c1-c1c(C(C)C)cc(C(C)C)cc1C(C)C.CC(C)(C)[O-].[Na+],COc1cc(Nc2ccc(C)cn2)cc(OC)c1OC
Clc1ccc2ncccc2c1.Nc1ncccn1.COc1ccc(OC)c([P+]([Pd])(C2CCCCC2)C2CCCCC2)c1-c1c(C(C)C)cc(C(C)C)cc1C(C)C.CC(C)(C)[O-].[Na+],c1cnc(Nc2ccc3ncccc3c2)nc1
Oc1ccc(Br)cc1.Cc1ccc(N)cc1.CC(C)CN1CCN2CCN(CC(C)C)[P+]1([Pd])N(CC(C)C)CC2.C[Si]([N-][Si](C)(C)C)(C)C.[Li+],Cc1ccc(Nc2ccc(O)cc2)cc1
CC(=O)Nc1ccc(Br)cc1.Cc1ccc(N)cc1.CC(C)CN1CCN2CCN(CC(C)C)[P+]1([Pd])N(CC(C)C)CC2.C[Si]([N-][Si](C)(C)C)(C)C.[Li+],CC(=O)Nc1ccc(Nc2ccc(C)cc2)cc1
Clc1ccccc1.CC(N)=O.CC(C)(C)[P+]([Pd])(c1ccnn1-c1c(-c2ccccc2)nn(-c2ccccc2)c1-c1ccccc1)C(C)(C)C.O=C([O-])[O-].[K+].[K+],CC(=O)Nc1ccccc1
COc1ccc(Cl)cc1.CC(N)=O.CC(C)(C)[P+]([Pd])(c1ccnn1-c1c(-c2ccccc2)nn(-c2ccccc2)c1-c1ccccc1)C(C)(C)C.O=P([O-])([O-])[O-].[K+].[K+].[K+],COc1ccc(NC(C)=O)cc1
FC(F)(F)c1ccc(Cl)cc1.CC(N)=O.CC(C)(C)[P+]([Pd])(c1ccnn1-c1c(-c2ccccc2)nn(-c2ccccc2)c1-c1ccccc1)C(C)(C)C.O=C([O-])[O-].[K+].[K+],CC(=O)Nc1ccc(C(F)(F)F)cc1
Cc1ccccc1Cl.CC(N)=O.CC(C)(C)[P+]([Pd])(c1ccnn1-c1c(-c2ccccc2)nn(-c2ccccc2)c1-c1ccccc1)C(C)(C)C.O=C([O-])[O-].[K+].[K+],CC(=O)Nc1ccccc1C
COc1cc(Cl)nc(OC)n1.CC(N)=O.CC(C)(C)[P+]([Pd])(c1ccnn1-c1c(-c2ccccc2)nn(-c2ccccc2)c1-c1ccccc1)C(C)(C)C.O=C([O-])[O-].[K+].[K+],COc1cc(NC(C)=O)nc(OC)n1
Cc1cc(Cl)c2ccccc2n1.CC(N)=O.CC(C)(C)[P+]([Pd])(c1ccnn1-c1c(-c2ccccc2)nn(-c2ccccc2)c1-c1ccccc1)C(C)(C)C.O=C([O-])[O-].[K+].[K+],CC(=O)Nc1cc(C)nc2ccccc12
Clc1cccnc1.CC(N)=O.CC(C)(C)[P+]([Pd])(c1ccnn1-c1c(-c2ccccc2)nn(-c2ccccc2)c1-c1ccccc1)C(C)(C)C.O=C([O-])[O-].[K+].[K+],CC(=O)Nc1cccnc1
Clc1ccccn1.CC(N)=O.CC(C)(C)[P+]([Pd])(c1ccnn1-c1c(-c2ccccc2)nn(-c2ccccc2)c1-c1ccccc1)C(C)(C)C.O=C([O-])[O-].[K+].[K+],CC(=O)Nc1ccccn1
Clc1ccccc1.NC(=O)c1ccccc1.CC(C)(C)[P+]([Pd])(c1ccnn1-c1c(-c2ccccc2)nn(-c2ccccc2)c1-c1ccccc1)C(C)(C)C.O=C([O-])[O-].[K+].[K+],O=C(Nc1ccccc1)c1ccccc1
COc1ccc(Cl)cc1.NC(=O)c1ccccc1.CC(C)(C)[P+]([Pd])(c1ccnn1-c1c(-c2ccccc2)nn(-c2ccccc2)c1-c1ccccc1)C(C)(C)C.O=P([O-])([O-])[O-].[K+].[K+].[K+],COc1ccc(NC(=O)c2ccccc2)cc1
FC(F)(F)c1ccc(Cl)cc1.NC(=O)c1ccccc1.CC(C)(C)[P+]([Pd])(c1ccnn1-c1c(-c2ccccc2)nn(-c2ccccc2)c1-c1ccccc1)C(C)(C)C.O=C([O-])[O-].[K+].[K+],O=C(Nc1ccc(C(F)(F)F)cc1)c1ccccc1
Clc1cccnc1.NC(=O)c1ccccc1.CC(C)(C)[P+]([Pd])(c1ccnn1-c1c(-c2ccccc2)nn(-c2ccccc2)c1-c1ccccc1)C(C)(C)C.O=C([O-])[O-].[K+].[K+],O=C(Nc1cccnc1)c1ccccc1
Clc1ccccn1.NC(=O)c1ccccc1.CC(C)(C)[P+]([Pd])(c1ccnn1-c1c(-c2ccccc2)nn(-c2ccccc2)c1-c1ccccc1)C(C)(C)C.O=C([O-])[O-].[K+].[K+],O=C(Nc1ccccn1)c1ccccc1
Cc1ccccc1Cl.NC(=O)c1ccccc1.CC(C)(C)[P+]([Pd])(c1ccnn1-c1c(-c2ccccc2)nn(-c2ccccc2)c1-c1ccccc1)C(C)(C)C.O=C([O-])[O-].[K+].[K+],Cc1ccccc1NC(=O)c1ccccc1
Clc1ccccc1.NC(=O)c1cccnc1.CC(C)(C)[P+]([Pd])(c1ccnn1-c1c(-c2ccccc2)nn(-c2ccccc2)c1-c1ccccc1)C(C)(C)C.O=C([O-])[O-].[K+].[K+],O=C(Nc1ccccc1)c1cccnc1
FC(F)(F)c1ccc(Cl)cc1.NC(=O)c1cccnc1.CC(C)(C)[P+]([Pd])(c1ccnn1-c1c(-c2ccccc2)nn(-c2ccccc2)c1-c1ccccc1)C(C)(C)C.O=C([O-])[O-].[K+].[K+],O=C(Nc1ccc(C(F)(F)F)cc1)c1cccnc1
Cc1ccccc1Cl.NC(=O)c1cccnc1.CC(C)(C)[P+]([Pd])(c1ccnn1-c1c(-c2ccccc2)nn(-c2ccccc2)c1-c1ccccc1)C(C)(C)C.O=C([O-])[O-].[K+].[K+],Cc1ccccc1NC(=O)c1cccnc1
Clc1ccccc1.Cc1ccc(S(N)(=O)=O)cc1.CC(C)(C)[P+]([Pd])(c1ccnn1-c1c(-c2ccccc2)nn(-c2ccccc2)c1-c1ccccc1)C(C)(C)C.O=C([O-])[O-].[K+].[K+],Cc1ccc(S(=O)(=O)Nc2ccccc2)cc1
Clc1ccccc1.CS(N)(=O)=O.CC(C)(C)[P+]([Pd])(c1ccnn1-c1c(-c2ccccc2)nn(-c2ccccc2)c1-c1ccccc1)C(C)(C)C.O=C([O-])[O-].[K+].[K+],CS(=O)(=O)Nc1ccccc1
Clc1ccccn1.Cc1ccc(S(N)(=O)=O)cc1.CC(C)(C)[P+]([Pd])(c1ccnn1-c1c(-c2ccccc2)nn(-c2ccccc2)c1-c1ccccc1)C(C)(C)C.O=C([O-])[O-].[K+].[K+],Cc1ccc(S(=O)(=O)Nc2ccccn2)cc1
FC(F)(F)c1ccc(Cl)cc1.Cc1ccc(S(N)(=O)=O)cc1.CC(C)(C)[P+]([Pd])(c1ccnn1-c1c(-c2ccccc2)nn(-c2ccccc2)c1-c1ccccc1)C(C)(C)C.O=C([O-])[O-].[K+].[K+],Cc1ccc(S(=O)(=O)Nc2ccc(C(F)(F)F)cc2)cc1
FC(F)(F)c1ccc(Cl)cc1.CS(N)(=O)=O.CC(C)(C)[P+]([Pd])(c1ccnn1-c1c(-c2ccccc2)nn(-c2ccccc2)c1-c1ccccc1)C(C)(C)C.O=C([O-])[O-].[K+].[K+],CS(=O)(=O)Nc1ccc(C(F)(F)F)cc1
FC(F)(F)c1ccc(Cl)cc1.NC=O.CC(C)(C)[P+]([Pd])(c1ccnn1-c1c(-c2ccccc2)nn(-c2ccccc2)c1-c1ccccc1)C(C)(C)C.O=C([O-])[O-].[K+].[K+],O=CNc1ccc(C(F)(F)F)cc1
