,Template,edit_site,change_H,change_C,change_S,Frequency
0,[A:1].[A:2]1=[A:3]-[A:4]-[A:5]=[A:6]-1>>[A:1].[A:2]1:[A:3]:[A:4]:[A:5]:[A:6]:1_100-100_100-100_000000,"{'A': [], 'B': [], 'C': [(6, 5), (5, 6), (6, 2), (2, 6), (5, 4), (4, 5), (4, 3), (3, 4), (3, 2), (2, 3)], 'R': [(1, -1)]}","{6: 0, 5: 0, 4: -1, 3: 0, 2: 0, 1: 1}","{6: 0, 5: 0, 4: -1, 3: 0, 2: 0, 1: 1}","{6: 0, 5: 0, 4: 0, 3: 0, 2: 0, 1: 0}",68
1,[A:1]-[A:2]-[A:3]>>[A:1].[A:2]=[A:3]_000_-101_000,"{'A': [], 'B': [(2, 1), (1, 2)], 'C': [(2, 3), (3, 2)], 'R': []}","{1: 0, 2: 0, 3: 0}","{1: -1, 2: 0, 3: 1}","{1: 0, 2: 0, 3: 0}",10965
2,[A:1].[A:2]=[A:3]>>[A:1]-[A:2]-[A:3]_000_10-1_000,"{'A': [(1, 2)], 'B': [], 'C': [(2, 3)], 'R': []}","{2: 0, 3: 0, 1: 0}","{2: 0, 3: -1, 1: 1}","{2: 0, 3: 0, 1: 0}",13261
3,[A:1].[A:8]:1:[A:9]:[A:2]:[A:3]:[A:4]:[A:5]1-[A:6]=[A:7]>>[A:1]-[A:2]1-[A:3]=[A:4]-[A:5](=[A:6]-[A:7])-[A:8]=[A:9]-1_000000000_100000-100_000000000,"{'A': [(1, 2)], 'B': [], 'C': [(2, 9), (2, 3)], 'R': [(5, -1), (7, -1), (6, -1)]}","{2: 0, 1: 0, 9: 0, 8: 0, 5: 0, 6: 0, 7: 0, 4: 0, 3: 0}","{2: 0, 1: 1, 9: 0, 8: 0, 5: 0, 6: 0, 7: -1, 4: 0, 3: 0}","{2: 0, 1: 0, 9: 0, 8: 0, 5: 0, 6: 0, 7: 0, 4: 0, 3: 0}",207
4,[A:1].[A:2]>>[A:1].[A:2]_1-1_1-1_00,"{'A': [], 'B': [], 'C': [], 'R': [(2, -1), (1, -1)]}","{2: -1, 1: 1}","{2: -1, 1: 1}","{2: 0, 1: 0}",23089
5,[A:1]-[A:3].[A:2]>>[A:1].[A:2]-[A:3]_000_-110_000,"{'A': [(2, 3)], 'B': [(3, 1), (1, 3)], 'C': [], 'R': []}","{2: 0, 3: 0, 1: 0}","{2: 1, 3: 0, 1: -1}","{2: 0, 3: 0, 1: 0}",4678
6,[A:1]=[A:2]-[A:3]>>[A:1]-[A:2]=[A:3]_000_-101_000,"{'A': [], 'B': [], 'C': [(3, 2), (2, 3), (2, 1), (1, 2)], 'R': []}","{3: 0, 2: 0, 1: 0}","{3: 1, 2: 0, 1: -1}","{3: 0, 2: 0, 1: 0}",4044
7,[A:1]-[A:4]1-[A:5]=[A:6]-[A:7](=[A:8]-[A:9])-[A:2]=[A:3]-1>>[A:1].[A:2]1:[A:3]:[A:4]:[A:5]:[A:6]:[A:7]:1-[A:8]=[A:9]_000000000_-100000001_000000000,"{'A': [], 'B': [(4, 1), (1, 4)], 'C': [(4, 5), (5, 4), (4, 3), (3, 4), (5, 6), (6, 5), (6, 7), (7, 6), (7, 2), (2, 7), (7, 8), (8, 7), (2, 3), (3, 2), (8, 9), (9, 8)], 'R': []}","{4: 0, 5: 0, 6: 0, 7: 0, 2: 0, 3: 0, 8: 0, 9: 0, 1: 0}","{4: 0, 5: 0, 6: 0, 7: 0, 2: 0, 3: 0, 8: 0, 9: 1, 1: -1}","{4: 0, 5: 0, 6: 0, 7: 0, 2: 0, 3: 0, 8: 0, 9: 0, 1: 0}",300
8,[A:1].[A:2]>>[A:1]-[A:2]_00_1-1_00,"{'A': [(1, 2), (2, 1)], 'B': [], 'C': [], 'R': []}","{1: 0, 2: 0}","{1: 1, 2: -1}","{1: 0, 2: 0}",839
9,[A:1].[A:2]-[A:3]>>[A:1].[A:2]=[A:3]_1-10_10-1_000,"{'A': [], 'B': [], 'C': [(3, 2), (2, 3)], 'R': [(1, -1)]}","{3: 0, 2: -1, 1: 1}","{3: -1, 2: 0, 1: 1}","{3: 0, 2: 0, 1: 0}",1149
10,[A:1]-[A:3].[A:2]>>[A:1].[A:2]-[A:3]_2-20_1-10_000,"{'A': [(2, 3)], 'B': [(1, 3), (3, 1)], 'C': [], 'R': []}","{3: 0, 2: -2, 1: 2}","{3: 0, 2: -1, 1: 1}","{3: 0, 2: 0, 1: 0}",159
11,[A:1]-[A:2].[A:3]1:[A:4]:[A:5]:[A:6]:[A:7]:1>>[A:1].[A:2]-[A:3]1-[A:4]=[A:5]-[A:6]=[A:7]-1_0000000_-1010000_0000000,"{'A': [(3, 2)], 'B': [(1, 2), (2, 1)], 'C': [(4, 3), (7, 3)], 'R': []}","{5: 0, 4: 0, 3: 0, 2: 0, 7: 0, 6: 0, 1: 0}","{5: 0, 4: 0, 3: 1, 2: 0, 7: 0, 6: 0, 1: -1}","{5: 0, 4: 0, 3: 0, 2: 0, 7: 0, 6: 0, 1: 0}",227
12,[A:2]-[A:1]-[A:3]>>[A:1].[A:2]-[A:3]_000_000_000,"{'A': [(3, 2), (2, 3)], 'B': [(1, 2), (2, 1), (1, 3), (3, 1)], 'C': [], 'R': []}","{1: 0, 2: 0, 3: 0}","{1: 0, 2: 0, 3: 0}","{1: 0, 2: 0, 3: 0}",493
13,[A:1].[A:2]=[A:3]>>[A:1].[A:2]-[A:3]_-101_1-10_000,"{'A': [], 'B': [], 'C': [(3, 2), (2, 3)], 'R': [(1, -1)]}","{3: 1, 2: 0, 1: -1}","{3: 0, 2: -1, 1: 1}","{3: 0, 2: 0, 1: 0}",991
14,[A:1].[A:2]-[A:3]-[A:4]>>[A:1]-[A:2].[A:3]=[A:4]_0000_100-1_0000,"{'A': [(1, 2)], 'B': [(3, 2), (2, 3)], 'C': [(3, 4)], 'R': []}","{3: 0, 4: 0, 2: 0, 1: 0}","{3: 0, 4: -1, 2: 0, 1: 1}","{3: 0, 4: 0, 2: 0, 1: 0}",329
15,[A:1].[#0H:2]>>[A:1].[#0H:2]_-11_-11_00,"{'A': [], 'B': [], 'C': [], 'R': [(2, -1), (1, -1)]}","{1: -1, 2: 1}","{1: -1, 2: 1}","{1: 0, 2: 0}",2111
16,[A:1]-[A:3].[A:2]>>[A:1]-[A:2]-[A:3]_000_000_000,"{'A': [(2, 3), (2, 1)], 'B': [(3, 1), (1, 3)], 'C': [], 'R': []}","{3: 0, 2: 0, 1: 0}","{3: 0, 2: 0, 1: 0}","{3: 0, 2: 0, 1: 0}",463
17,[A:1]-[A:2].[A:3]>>[A:1].[A:2].[A:3]_01-1_10-1_000,"{'A': [], 'B': [(1, 2), (2, 1)], 'C': [], 'R': [(3, -1)]}","{2: 1, 3: -1, 1: 0}","{2: 0, 3: -1, 1: 1}","{2: 0, 3: 0, 1: 0}",1138
18,[A:1].[A:2]1:[A:3]:[A:4]:[A:5]:[A:6]:[A:7]:1-[A:8]#[A:9]>>[A:1]-[A:2]1-[A:3]=[A:4]-[A:5]=[A:6]-[A:7]-1=[A:8]=[A:9]_000000000_10000000-1_000000000,"{'A': [(1, 2)], 'B': [], 'C': [(2, 7), (2, 3)], 'R': [(5, -1), (9, -1)]}","{2: 0, 1: 0, 7: 0, 8: 0, 9: 0, 6: 0, 5: 0, 4: 0, 3: 0}","{2: 0, 1: 1, 7: 0, 8: 0, 9: -1, 6: 0, 5: 0, 4: 0, 3: 0}","{2: 0, 1: 0, 7: 0, 8: 0, 9: 0, 6: 0, 5: 0, 4: 0, 3: 0}",76
19,[A:1]-[A:2]>>[A:1].[A:2]_00_1-1_00,"{'A': [], 'B': [(1, 2), (2, 1)], 'C': [], 'R': []}","{1: 0, 2: 0}","{1: 1, 2: -1}","{1: 0, 2: 0}",402
20,[A:1]1-[A:2]-[A:3]=[A:4]-1>>[A:1]=[A:2].[A:3]#[A:4]_0000_0000_0000,"{'A': [], 'B': [(1, 4), (4, 1), (2, 3), (3, 2)], 'C': [(1, 2), (2, 1), (4, 3), (3, 4)], 'R': []}","{1: 0, 2: 0, 4: 0, 3: 0}","{1: 0, 2: 0, 4: 0, 3: 0}","{1: 0, 2: 0, 4: 0, 3: 0}",104
21,[A:1].[A:2]-[A:3]=[A:4]>>[A:1].[A:2]:[A:3]:[A:4]_1-100_1-100_0000,"{'A': [], 'B': [], 'C': [(4, 3), (3, 4), (3, 2), (2, 3)], 'R': [(1, -1)]}","{4: 0, 3: 0, 2: -1, 1: 1}","{4: 0, 3: 0, 2: -1, 1: 1}","{4: 0, 3: 0, 2: 0, 1: 0}",339
22,[A:2]-[A:3](-[A:4])-[A:1]>>[A:1].[A:2]-[A:3]=[A:4]_2-10-1_1-100_0000,"{'A': [], 'B': [(3, 1), (1, 3)], 'C': [(3, 4), (4, 3)], 'R': []}","{2: -1, 3: 0, 4: -1, 1: 2}","{2: -1, 3: 0, 4: 0, 1: 1}","{2: 0, 3: 0, 4: 0, 1: 0}",80
23,[A:1].[A:2]=[A:3]-[A:4]>>[A:1].[A:2]-[A:3]=[A:4]_100-1_1-100_0000,"{'A': [], 'B': [], 'C': [(2, 3), (3, 2), (3, 4), (4, 3)], 'R': [(1, -1)]}","{2: 0, 3: 0, 4: -1, 1: 1}","{2: -1, 3: 0, 4: 0, 1: 1}","{2: 0, 3: 0, 4: 0, 1: 0}",86
24,[A:1].[A:3]-[A:2]=[A:4]>>[A:1]-[A:2](-[A:3])-[A:4]_00-11_10-10_0000,"{'A': [(1, 2)], 'B': [], 'C': [(2, 4)], 'R': []}","{1: 0, 2: 0, 3: -1, 4: 1}","{1: 1, 2: 0, 3: -1, 4: 0}","{1: 0, 2: 0, 3: 0, 4: 0}",70
25,[A:1].[A:2]=[A:3]>>[A:1].[A:2]-[A:3]_-110_10-1_000,"{'A': [], 'B': [], 'C': [(3, 2), (2, 3)], 'R': [(1, -1)]}","{3: 0, 2: 1, 1: -1}","{3: -1, 2: 0, 1: 1}","{3: 0, 2: 0, 1: 0}",1183
26,[A:1]-[A:2].[A:3]:[A:4]:[A:5]>>[A:1].[A:2]-[A:3]-[A:4]=[A:5]_00000_-10100_00000,"{'A': [(3, 2)], 'B': [(1, 2), (2, 1)], 'C': [(4, 3)], 'R': []}","{5: 0, 4: 0, 3: 0, 2: 0, 1: 0}","{5: 0, 4: 0, 3: 1, 2: 0, 1: -1}","{5: 0, 4: 0, 3: 0, 2: 0, 1: 0}",338
27,[A:1]=[A:2].[A:3]-[A:6]-[A:5]=[A:4]>>[A:1]1-[A:2]-[A:3]-1.[A:4]-[A:5]=[A:6]_00-1100_000000_000000,"{'A': [(1, 3), (2, 3)], 'B': [(6, 3), (3, 6)], 'C': [(1, 2), (2, 1), (6, 5)], 'R': []}","{1: 0, 2: 0, 3: -1, 4: 1, 5: 0, 6: 0}","{1: 0, 2: 0, 3: 0, 4: 0, 5: 0, 6: 0}","{1: 0, 2: 0, 3: 0, 4: 0, 5: 0, 6: 0}",25
28,[A:1]-[A:2]-[A:3](=[A:4]=[A:5])-[A:6]=[A:7]>>[A:1].[A:2]:[A:3](-[A:4]#[A:5]):[A:6]:[A:7]_0000000_-1000100_0000000,"{'A': [], 'B': [(2, 1), (1, 2)], 'C': [(2, 3), (3, 2), (3, 4), (4, 3), (3, 6), (6, 3), (4, 5), (5, 4), (6, 7), (7, 6)], 'R': []}","{2: 0, 3: 0, 4: 0, 5: 0, 6: 0, 7: 0, 1: 0}","{2: 0, 3: 0, 4: 0, 5: 1, 6: 0, 7: 0, 1: -1}","{2: 0, 3: 0, 4: 0, 5: 0, 6: 0, 7: 0, 1: 0}",24
29,[A:1]-[A:2]-[A:3]>>[A:1].[A:2]=[A:3]_10-1_000_000,"{'A': [], 'B': [(2, 1), (1, 2)], 'C': [(3, 2), (2, 3)], 'R': []}","{1: 1, 3: -1, 2: 0}","{1: 0, 3: 0, 2: 0}","{1: 0, 3: 0, 2: 0}",35
30,[A:1]-[A:6]1-[A:5]=[A:4]-[A:3]=[A:2]-[A:7]-1=[A:8]-[A:9]>>[A:1].[A:2]1:[A:3]:[A:4]:[A:5]:[A:6]:[A:7]:1-[A:8]=[A:9]_000000000_-100000001_000000000,"{'A': [], 'B': [(6, 1), (1, 6)], 'C': [(6, 7), (7, 6), (6, 5), (5, 6), (7, 8), (8, 7), (7, 2), (2, 7), (8, 9), (9, 8), (2, 3), (3, 2), (3, 4), (4, 3), (4, 5), (5, 4)], 'R': []}","{6: 0, 7: 0, 8: 0, 9: 0, 2: 0, 3: 0, 4: 0, 5: 0, 1: 0}","{6: 0, 7: 0, 8: 0, 9: 1, 2: 0, 3: 0, 4: 0, 5: 0, 1: -1}","{6: 0, 7: 0, 8: 0, 9: 0, 2: 0, 3: 0, 4: 0, 5: 0, 1: 0}",205
31,[A:1]-[A:3].[A:2]>>[A:1].[A:2]-[A:3]_10-1_01-1_000,"{'A': [(2, 3)], 'B': [(1, 3), (3, 1)], 'C': [], 'R': []}","{2: 0, 3: -1, 1: 1}","{2: 1, 3: -1, 1: 0}","{2: 0, 3: 0, 1: 0}",86
32,[A:1]-[A:2]>>[A:1].[A:2]_00_-11_00,"{'A': [], 'B': [(1, 2), (2, 1)], 'C': [], 'R': []}","{2: 0, 1: 0}","{2: 1, 1: -1}","{2: 0, 1: 0}",244
33,[A:1]-[A:4]1-[A:3]=[A:2]-[A:7](=[A:8]-[A:9])-[A:6]=[A:5]-1>>[A:1].[A:2]1:[A:3]:[A:4]:[A:5]:[A:6]:[A:7]:1-[A:8]=[A:9]_000000000_-100000001_000000000,"{'A': [], 'B': [(4, 1), (1, 4)], 'C': [(4, 5), (5, 4), (4, 3), (3, 4), (5, 6), (6, 5), (6, 7), (7, 6), (7, 8), (8, 7), (7, 2), (2, 7), (8, 9), (9, 8), (2, 3), (3, 2)], 'R': []}","{4: 0, 5: 0, 6: 0, 7: 0, 8: 0, 9: 0, 2: 0, 3: 0, 1: 0}","{4: 0, 5: 0, 6: 0, 7: 0, 8: 0, 9: 1, 2: 0, 3: 0, 1: -1}","{4: 0, 5: 0, 6: 0, 7: 0, 8: 0, 9: 0, 2: 0, 3: 0, 1: 0}",91
34,[A:1]-[A:2].[A:3]:[A:4]:[A:5]:[A:6]:[A:7]>>[A:1].[A:2]-[A:3]-[A:4]=[A:5]-[A:6]=[A:7]_0000000_-1010000_0000000,"{'A': [(3, 2)], 'B': [(1, 2), (2, 1)], 'C': [(4, 3)], 'R': [(7, -1), (6, -1)]}","{5: 0, 4: 0, 3: 0, 2: 0, 7: 0, 6: 0, 1: 0}","{5: 0, 4: 0, 3: 1, 2: 0, 7: 0, 6: 0, 1: -1}","{5: 0, 4: 0, 3: 0, 2: 0, 7: 0, 6: 0, 1: 0}",49
35,[A:1]=[A:2]-[A:3]1:[A:4]:[A:5]:[A:6]:[A:8]:[A:9]:1.[A:7]>>[A:1]-[A:2]=[A:3]1-[A:4]=[A:5]-[A:6](-[A:7])-[A:8]=[A:9]-1_000000000_-100000100_000000000,"{'A': [(7, 6)], 'B': [], 'C': [(6, 8), (6, 5)], 'R': [(2, -1), (1, -1), (3, -1)]}","{6: 0, 7: 0, 8: 0, 9: 0, 3: 0, 2: 0, 1: 0, 4: 0, 5: 0}","{6: 0, 7: 1, 8: 0, 9: 0, 3: 0, 2: 0, 1: -1, 4: 0, 5: 0}","{6: 0, 7: 0, 8: 0, 9: 0, 3: 0, 2: 0, 1: 0, 4: 0, 5: 0}",115
36,[A:5].[A:1]:[A:2]:[A:3](:[A:4])-[A:6]=[A:7]>>[A:1]=[A:2]-[A:3](-[A:4]-[A:5])=[A:6]-[A:7]_0000000_000010-1_0000000,"{'A': [(5, 4)], 'B': [], 'C': [(4, 3)], 'R': [(7, -1), (1, -1)]}","{4: 0, 5: 0, 3: 0, 6: 0, 7: 0, 2: 0, 1: 0}","{4: 0, 5: 1, 3: 0, 6: 0, 7: -1, 2: 0, 1: 0}","{4: 0, 5: 0, 3: 0, 6: 0, 7: 0, 2: 0, 1: 0}",9
37,[A:1]-[A:3]-[A:4].[A:2]>>[A:1].[A:2].[A:3]=[A:4]_1-100_0-101_0000,"{'A': [], 'B': [(3, 1), (1, 3)], 'C': [(3, 4), (4, 3)], 'R': [(2, -1)]}","{2: -1, 3: 0, 4: 0, 1: 1}","{2: -1, 3: 0, 4: 1, 1: 0}","{2: 0, 3: 0, 4: 0, 1: 0}",115
38,[A:1].[A:2].[A:3]#[A:4]>>[A:1].[A:2]-[A:3]=[A:4]_-1001_1-100_0000,"{'A': [(2, 3)], 'B': [], 'C': [(3, 4)], 'R': [(1, -1)]}","{2: 0, 3: 0, 4: 1, 1: -1}","{2: -1, 3: 0, 4: 0, 1: 1}","{2: 0, 3: 0, 4: 0, 1: 0}",133
39,[A:1].[A:2].[A:3]=[A:4]>>[A:1].[A:2].[A:3]:[A:4]_1-100_1-100_0000,"{'A': [], 'B': [], 'C': [(4, 3), (3, 4)], 'R': [(2, -1), (1, -1)]}","{2: -1, 4: 0, 3: 0, 1: 1}","{2: -1, 4: 0, 3: 0, 1: 1}","{2: 0, 4: 0, 3: 0, 1: 0}",31
40,[A:1]-[A:4].[A:2].[A:3]>>[A:1].[A:2].[A:3]-[A:4]_1-100_0-110_0000,"{'A': [(3, 4)], 'B': [(4, 1), (1, 4)], 'C': [], 'R': [(2, -1)]}","{2: -1, 1: 1, 3: 0, 4: 0}","{2: -1, 1: 0, 3: 1, 4: 0}","{2: 0, 1: 0, 3: 0, 4: 0}",143
41,[A:1]1-[A:2]-[A:3]-[A:4]-1>>[A:1]=[A:2].[A:3]=[A:4]_0000_0000_0000,"{'A': [], 'B': [(4, 1), (1, 4), (3, 2), (2, 3)], 'C': [(4, 3), (3, 4), (2, 1), (1, 2)], 'R': []}","{4: 0, 3: 0, 2: 0, 1: 0}","{4: 0, 3: 0, 2: 0, 1: 0}","{4: 0, 3: 0, 2: 0, 1: 0}",47
42,[A:1]=[A:2].[A:3]=[A:4]>>[A:1]-[A:2]-[A:3]-[A:4]_0000_-1001_0000,"{'A': [(2, 3), (3, 2)], 'B': [], 'C': [(2, 1), (3, 4), (1, 2), (4, 3)], 'R': []}","{4: 0, 3: 0, 2: 0, 1: 0}","{4: 1, 3: 0, 2: 0, 1: -1}","{4: 0, 3: 0, 2: 0, 1: 0}",211
43,[A:1]-[A:3].[A:2]>>[A:1].[A:2]-[A:3]_1-10_000_000,"{'A': [(2, 3)], 'B': [(3, 1), (1, 3)], 'C': [], 'R': []}","{3: 0, 2: -1, 1: 1}","{3: 0, 2: 0, 1: 0}","{3: 0, 2: 0, 1: 0}",23
44,[A:1]-[A:2]-[A:3]-[A:4]>>[A:1]-[A:2].[A:3]=[A:4]_100-1_1-100_0000,"{'A': [], 'B': [(2, 3), (3, 2)], 'C': [(3, 4), (4, 3)], 'R': []}","{3: 0, 4: -1, 2: 0, 1: 1}","{3: 0, 4: 0, 2: -1, 1: 1}","{3: 0, 4: 0, 2: 0, 1: 0}",209
45,[A:1]-[A:4]-[A:5]-[A:2]-[A:3]>>[A:1].[A:2]=[A:3].[A:4]=[A:5]_00000_-10100_00000,"{'A': [], 'B': [(2, 5), (5, 2), (1, 4), (4, 1)], 'C': [(2, 3), (3, 2), (4, 5), (5, 4)], 'R': []}","{2: 0, 3: 0, 1: 0, 4: 0, 5: 0}","{2: 0, 3: 1, 1: -1, 4: 0, 5: 0}","{2: 0, 3: 0, 1: 0, 4: 0, 5: 0}",63
46,[A:1].[A:2]=[A:3]>>[A:1]-[A:2]-[A:3]_-101_000_000,"{'A': [(1, 2)], 'B': [], 'C': [(2, 3)], 'R': []}","{2: 0, 1: -1, 3: 1}","{2: 0, 1: 0, 3: 0}","{2: 0, 1: 0, 3: 0}",409
47,[A:1].[A:2]=[A:3]-[A:4]>>[A:1].[A:2]-[A:3]=[A:4]_-1100_-1001_0000,"{'A': [], 'B': [], 'C': [(3, 4), (4, 3), (3, 2), (2, 3)], 'R': [(1, -1)]}","{3: 0, 4: 0, 2: 1, 1: -1}","{3: 0, 4: 1, 2: 0, 1: -1}","{3: 0, 4: 0, 2: 0, 1: 0}",316
48,[A:1].[A:2]>>[A:1].[A:2]_-11_-11_00,"{'A': [], 'B': [], 'C': [], 'R': [(2, -1), (1, -1)]}","{1: -1, 2: 1}","{1: -1, 2: 1}","{1: 0, 2: 0}",245
49,[A:1]-[A:2]=[A:3]>>[A:1].[A:2]#[A:3]_000_-101_000,"{'A': [], 'B': [(2, 1), (1, 2)], 'C': [(2, 3), (3, 2)], 'R': []}","{2: 0, 3: 0, 1: 0}","{2: 0, 3: 1, 1: -1}","{2: 0, 3: 0, 1: 0}",242
50,[A:1]-[A:2].[A:3]>>[A:1].[A:2].[A:3]_10-1_01-1_000,"{'A': [], 'B': [(2, 1), (1, 2)], 'C': [], 'R': [(3, -1)]}","{1: 1, 2: 0, 3: -1}","{1: 0, 2: 1, 3: -1}","{1: 0, 2: 0, 3: 0}",339
51,[A:1]-[A:4].[A:2]=[A:3]>>[A:1]-[A:2]-[A:3]-[A:4]_0000_0000_0000,"{'A': [(3, 4), (2, 1)], 'B': [(4, 1), (1, 4)], 'C': [(3, 2), (2, 3)], 'R': []}","{4: 0, 3: 0, 2: 0, 1: 0}","{4: 0, 3: 0, 2: 0, 1: 0}","{4: 0, 3: 0, 2: 0, 1: 0}",159
52,[A:1].[A:8]:1:[A:9]:[A:2]:[A:3]:[A:4]:[A:5]1-[A:6]#[A:7]>>[A:1]-[A:2]1-[A:3]=[A:4]-[A:5](=[A:6]=[A:7])-[A:8]=[A:9]-1_000000000_100000-100_000000000,"{'A': [(1, 2)], 'B': [], 'C': [(2, 3), (2, 9)], 'R': [(5, -1), (7, -1), (6, -1)]}","{2: 0, 1: 0, 3: 0, 4: 0, 5: 0, 6: 0, 7: 0, 8: 0, 9: 0}","{2: 0, 1: 1, 3: 0, 4: 0, 5: 0, 6: 0, 7: -1, 8: 0, 9: 0}","{2: 0, 1: 0, 3: 0, 4: 0, 5: 0, 6: 0, 7: 0, 8: 0, 9: 0}",30
53,[A:1].[A:2]1:[A:3]:[A:4]:[A:5]:[A:6]:[A:7]:1-[A:8]=[A:9]>>[A:1]-[A:2]1-[A:3]=[A:4]-[A:5]=[A:6]-[A:7]-1=[A:8]-[A:9]_000000000_10000000-1_000000000,"{'A': [(1, 2)], 'B': [], 'C': [(2, 7), (2, 3)], 'R': [(5, -1), (9, -1)]}","{2: 0, 1: 0, 7: 0, 8: 0, 9: 0, 6: 0, 5: 0, 4: 0, 3: 0}","{2: 0, 1: 1, 7: 0, 8: 0, 9: -1, 6: 0, 5: 0, 4: 0, 3: 0}","{2: 0, 1: 0, 7: 0, 8: 0, 9: 0, 6: 0, 5: 0, 4: 0, 3: 0}",293
54,[A:1]-[A:3](-[A:2])/[A:4]=[A:5]\[A:6]>>[A:1].[A:2].[A:3]-[A:4]-[A:5]=[A:6]_10000-1_0-10-100_000000,"{'A': [], 'B': [(3, 1), (1, 3), (3, 2), (2, 3)], 'C': [(4, 5), (5, 4), (5, 6), (6, 5)], 'R': []}","{1: 1, 2: 0, 3: 0, 4: 0, 5: 0, 6: -1}","{1: 0, 2: -1, 3: 0, 4: -1, 5: 0, 6: 0}","{1: 0, 2: 0, 3: 0, 4: 0, 5: 0, 6: 0}",21
55,[A:1].[A:2]1:[A:3]:[A:4]:[A:5]:[A:6]:[A:7]:1>>[A:1]-[A:2]1-[A:3]-[A:4]=[A:5]-[A:6]=[A:7]-1_0000000_-1010000_0000000,"{'A': [(1, 2)], 'B': [], 'C': [(2, 3), (2, 7)], 'R': [(5, -1)]}","{2: 0, 1: 0, 3: 0, 4: 0, 5: 0, 6: 0, 7: 0}","{2: 0, 1: -1, 3: 1, 4: 0, 5: 0, 6: 0, 7: 0}","{2: 0, 1: 0, 3: 0, 4: 0, 5: 0, 6: 0, 7: 0}",27
56,[A:1]=[A:2].[A:3]:[A:4]-[A:5]>>[A:1]-[A:2]-[A:3]-[A:4]=[A:5]_00000_-10001_00000,"{'A': [(3, 2), (2, 3)], 'B': [], 'C': [(2, 1), (4, 3), (3, 4), (1, 2)], 'R': []}","{2: 0, 1: 0, 3: 0, 4: 0, 5: 0}","{2: 0, 1: -1, 3: 0, 4: 0, 5: 1}","{2: 0, 1: 0, 3: 0, 4: 0, 5: 0}",76
57,[A:1]-[A:2].[A:3]1=[A:8]-[A:7]-[A:6]-[A:5]=[A:4]-1>>[A:1].[A:2].[A:3]1:[A:4]:[A:5]:[A:6]:[A:7]:[A:8]:1_01000-100_100000-10_00000000,"{'A': [], 'B': [(2, 1), (1, 2)], 'C': [(3, 4), (4, 3), (3, 8), (8, 3), (4, 5), (5, 4), (5, 6), (6, 5), (6, 7), (7, 6), (7, 8), (8, 7)], 'R': []}","{3: 0, 4: 0, 5: 0, 6: -1, 7: 0, 8: 0, 1: 0, 2: 1}","{3: 0, 4: 0, 5: 0, 6: 0, 7: -1, 8: 0, 1: 1, 2: 0}","{3: 0, 4: 0, 5: 0, 6: 0, 7: 0, 8: 0, 1: 0, 2: 0}",12
58,[A:1].[A:2]=[A:3]-[A:4]>>[A:1].[A:2]-[A:3]:[A:4]_100-1_1-100_0000,"{'A': [], 'B': [], 'C': [(2, 3), (3, 2), (3, 4), (4, 3)], 'R': [(1, -1)]}","{2: 0, 3: 0, 4: -1, 1: 1}","{2: -1, 3: 0, 4: 0, 1: 1}","{2: 0, 3: 0, 4: 0, 1: 0}",145
59,[A:1]=[A:2].[A:3]=[A:4]-[A:5]>>[A:1]-[A:2]-[A:3]-[A:4]=[A:5]_00000_-10001_00000,"{'A': [(2, 3), (3, 2)], 'B': [], 'C': [(1, 2), (2, 1), (4, 3), (3, 4)], 'R': []}","{4: 0, 5: 0, 3: 0, 2: 0, 1: 0}","{4: 0, 5: 1, 3: 0, 2: 0, 1: -1}","{4: 0, 5: 0, 3: 0, 2: 0, 1: 0}",84
60,[A:1]-[A:3].[A:2]-[A:4]>>[A:1]-[A:2].[A:3]-[A:4]_0000_0000_0000,"{'A': [(2, 1), (1, 2), (4, 3), (3, 4)], 'B': [(4, 2), (2, 4), (3, 1), (1, 3)], 'C': [], 'R': []}","{2: 0, 1: 0, 4: 0, 3: 0}","{2: 0, 1: 0, 4: 0, 3: 0}","{2: 0, 1: 0, 4: 0, 3: 0}",109
61,[A:1]-[A:2]-[A:3]:[A:4]-[A:5]>>[A:1].[A:2]=[A:3]-[A:4]=[A:5]_00000_-10001_00000,"{'A': [], 'B': [(2, 1), (1, 2)], 'C': [(2, 3), (3, 2), (3, 4), (4, 3), (4, 5), (5, 4)], 'R': []}","{2: 0, 3: 0, 4: 0, 5: 0, 1: 0}","{2: 0, 3: 0, 4: 0, 5: 1, 1: -1}","{2: 0, 3: 0, 4: 0, 5: 0, 1: 0}",70
62,[A:1]-[A:2]>>[A:1]=[A:2]_00_1-1_00,"{'A': [], 'B': [], 'C': [(2, 1), (1, 2)], 'R': []}","{2: 0, 1: 0}","{2: -1, 1: 1}","{2: 0, 1: 0}",88
63,[A:1]-[A:4]-[A:5]-[A:3].[A:2]>>[A:1].[A:2]-[A:3].[A:4]=[A:5]_00000_-11000_00000,"{'A': [(2, 3)], 'B': [(3, 5), (5, 3), (4, 1), (1, 4)], 'C': [(5, 4), (4, 5)], 'R': []}","{2: 0, 3: 0, 1: 0, 5: 0, 4: 0}","{2: 1, 3: 0, 1: -1, 5: 0, 4: 0}","{2: 0, 3: 0, 1: 0, 5: 0, 4: 0}",188
64,[A:1].[A:2]-[A:3]=[A:4]-[A:5]=[A:6]>>[A:1].[A:2]:[A:3]:[A:4]:[A:5]:[A:6]_1-10000_1-10000_000000,"{'A': [], 'B': [], 'C': [(6, 5), (5, 6), (5, 4), (4, 5), (4, 3), (3, 4), (3, 2), (2, 3)], 'R': [(1, -1)]}","{6: 0, 5: 0, 4: 0, 3: 0, 2: -1, 1: 1}","{6: 0, 5: 0, 4: 0, 3: 0, 2: -1, 1: 1}","{6: 0, 5: 0, 4: 0, 3: 0, 2: 0, 1: 0}",41
65,[A:1].[A:2]:[A:3]:[A:4]:[A:5]-[A:6]#[A:7]>>[A:1]-[A:2]-[A:3]=[A:4]-[A:5]=[A:6]=[A:7]_0000000_100000-1_0000000,"{'A': [(1, 2)], 'B': [], 'C': [(2, 3)], 'R': [(5, -1), (7, -1), (6, -1)]}","{2: 0, 1: 0, 3: 0, 4: 0, 5: 0, 6: 0, 7: 0}","{2: 0, 1: 1, 3: 0, 4: 0, 5: 0, 6: 0, 7: -1}","{2: 0, 1: 0, 3: 0, 4: 0, 5: 0, 6: 0, 7: 0}",14
66,[A:1]-[A:2]1-[A:3]=[A:4]-[A:5]=[A:6]-[A:7]-1=[A:8]-[A:9]>>[A:1].[A:2]1:[A:3]:[A:4]:[A:5]:[A:6]:[A:7]:1-[A:8]=[A:9]_000000000_-100000001_000000000,"{'A': [], 'B': [(2, 1), (1, 2)], 'C': [(2, 3), (3, 2), (2, 7), (7, 2), (3, 4), (4, 3), (4, 5), (5, 4), (5, 6), (6, 5), (6, 7), (7, 6), (7, 8), (8, 7), (8, 9), (9, 8)], 'R': []}","{2: 0, 3: 0, 4: 0, 5: 0, 6: 0, 7: 0, 8: 0, 9: 0, 1: 0}","{2: 0, 3: 0, 4: 0, 5: 0, 6: 0, 7: 0, 8: 0, 9: 1, 1: -1}","{2: 0, 3: 0, 4: 0, 5: 0, 6: 0, 7: 0, 8: 0, 9: 0, 1: 0}",85
67,[A:1].[A:2]1=[A:3]-[A:4]-[A:5]=[A:6]-1>>[A:1].[A:2]1:[A:3]:[A:4]:[A:5]:[A:6]:1_100-100_10000-1_000000,"{'A': [], 'B': [], 'C': [(6, 5), (5, 6), (6, 2), (2, 6), (5, 4), (4, 5), (4, 3), (3, 4), (3, 2), (2, 3)], 'R': [(1, -1)]}","{6: 0, 5: 0, 4: -1, 3: 0, 2: 0, 1: 1}","{6: -1, 5: 0, 4: 0, 3: 0, 2: 0, 1: 1}","{6: 0, 5: 0, 4: 0, 3: 0, 2: 0, 1: 0}",16
68,[A:3]-[A:4]-[A:1]=[A:2]>>[A:1]-[A:2].[A:3]=[A:4]_01-10_0000_0000,"{'A': [], 'B': [(1, 4), (4, 1)], 'C': [(3, 4), (4, 3), (1, 2), (2, 1)], 'R': []}","{3: -1, 4: 0, 1: 0, 2: 1}","{3: 0, 4: 0, 1: 0, 2: 0}","{3: 0, 4: 0, 1: 0, 2: 0}",80
69,[A:1].[A:2]-[A:4](-[A:3])-[A:5]=[A:6]>>[A:1].[A:2].[A:3]:[A:4]:[A:5]:[A:6]_10-1000_1-10000_000000,"{'A': [], 'B': [(4, 2), (2, 4)], 'C': [(3, 4), (4, 3), (6, 5), (5, 6), (5, 4), (4, 5)], 'R': [(1, -1)]}","{3: -1, 6: 0, 5: 0, 4: 0, 1: 1, 2: 0}","{3: 0, 6: 0, 5: 0, 4: 0, 1: 1, 2: -1}","{3: 0, 6: 0, 5: 0, 4: 0, 1: 0, 2: 0}",21
70,[A:1].[A:3]:[A:2]:[A:4]:[A:5]>>[A:1]-[A:2](-[A:3])-[A:4]=[A:5]_00000_-10100_00000,"{'A': [(1, 2)], 'B': [], 'C': [(2, 3), (2, 4)], 'R': []}","{5: 0, 4: 0, 2: 0, 1: 0, 3: 0}","{5: 0, 4: 0, 2: 0, 1: -1, 3: 1}","{5: 0, 4: 0, 2: 0, 1: 0, 3: 0}",7
71,[A:1]-[A:2]-[A:3]>>[A:1].[A:2]:[A:3]_10-1_000_000,"{'A': [], 'B': [(2, 1), (1, 2)], 'C': [(2, 3), (3, 2)], 'R': []}","{2: 0, 3: -1, 1: 1}","{2: 0, 3: 0, 1: 0}","{2: 0, 3: 0, 1: 0}",58
72,[A:1].[A:4]:1:[A:3]:[A:2]:[A:9]:[A:8]:[A:5]1-[A:6]=[A:7]>>[A:1]-[A:2]1-[A:3]=[A:4]-[A:5](=[A:6]-[A:7])-[A:8]=[A:9]-1_000000000_100000-100_000000000,"{'A': [(1, 2)], 'B': [], 'C': [(2, 9), (2, 3)], 'R': [(5, -1), (7, -1), (6, -1)]}","{2: 0, 1: 0, 9: 0, 8: 0, 5: 0, 6: 0, 7: 0, 4: 0, 3: 0}","{2: 0, 1: 1, 9: 0, 8: 0, 5: 0, 6: 0, 7: -1, 4: 0, 3: 0}","{2: 0, 1: 0, 9: 0, 8: 0, 5: 0, 6: 0, 7: 0, 4: 0, 3: 0}",82
73,[A:1].[A:2]1-[A:3]=[A:4]-[A:5]=[A:6]-1>>[A:1].[A:2]1:[A:3]:[A:4]:[A:5]:[A:6]:1_1-10000_1-10000_000000,"{'A': [], 'B': [], 'C': [(6, 5), (5, 6), (6, 2), (2, 6), (5, 4), (4, 5), (4, 3), (3, 4), (3, 2), (2, 3)], 'R': [(1, -1)]}","{6: 0, 5: 0, 4: 0, 3: 0, 2: -1, 1: 1}","{6: 0, 5: 0, 4: 0, 3: 0, 2: -1, 1: 1}","{6: 0, 5: 0, 4: 0, 3: 0, 2: 0, 1: 0}",60
74,[A:1]-[A:3].[A:2]>>[A:1].[A:2]-[A:3]_000_1-10_000,"{'A': [(2, 3)], 'B': [(1, 3), (3, 1)], 'C': [], 'R': []}","{1: 0, 3: 0, 2: 0}","{1: 1, 3: 0, 2: -1}","{1: 0, 3: 0, 2: 0}",67
75,[A:1]-[A:2].[A:3]1=[A:4]-[A:5]-[A:6]-[A:7]=[A:8]-1>>[A:1].[A:2].[A:3]1:[A:4]:[A:5]:[A:6]:[A:7]:[A:8]:1_01000-100_1000-1000_00000000,"{'A': [], 'B': [(2, 1), (1, 2)], 'C': [(8, 7), (7, 8), (8, 3), (3, 8), (7, 6), (6, 7), (6, 5), (5, 6), (5, 4), (4, 5), (4, 3), (3, 4)], 'R': []}","{8: 0, 7: 0, 6: -1, 5: 0, 4: 0, 3: 0, 1: 0, 2: 1}","{8: 0, 7: 0, 6: 0, 5: -1, 4: 0, 3: 0, 1: 1, 2: 0}","{8: 0, 7: 0, 6: 0, 5: 0, 4: 0, 3: 0, 1: 0, 2: 0}",2
76,[A:1]-[A:2]-[A:3]=[A:4]-[A:5]=[A:6]-[A:7]>>[A:1].[A:2]:[A:3]:[A:4]:[A:5]-[A:6]=[A:7]_0000000_-1000001_0000000,"{'A': [], 'B': [(2, 1), (1, 2)], 'C': [(2, 3), (3, 2), (3, 4), (4, 3), (4, 5), (5, 4), (5, 6), (6, 5), (6, 7), (7, 6)], 'R': []}","{2: 0, 3: 0, 4: 0, 5: 0, 6: 0, 7: 0, 1: 0}","{2: 0, 3: 0, 4: 0, 5: 0, 6: 0, 7: 1, 1: -1}","{2: 0, 3: 0, 4: 0, 5: 0, 6: 0, 7: 0, 1: 0}",18
77,[A:1].[A:2]:[A:3]>>[A:1]-[A:2]-[A:3]_000_-101_000,"{'A': [(1, 2)], 'B': [], 'C': [(2, 3)], 'R': []}","{3: 0, 2: 0, 1: 0}","{3: 1, 2: 0, 1: -1}","{3: 0, 2: 0, 1: 0}",17
78,[A:1].[A:2]:[A:3](-[A:4]#[A:5]):[A:6]:[A:7]>>[A:1]-[A:2]-[A:3](=[A:4]=[A:5])-[A:6]=[A:7]_0000000_1000-100_0000000,"{'A': [(1, 2)], 'B': [], 'C': [(2, 3)], 'R': [(5, -1), (7, -1)]}","{2: 0, 1: 0, 3: 0, 4: 0, 5: 0, 6: 0, 7: 0}","{2: 0, 1: 1, 3: 0, 4: 0, 5: -1, 6: 0, 7: 0}","{2: 0, 1: 0, 3: 0, 4: 0, 5: 0, 6: 0, 7: 0}",21
79,[A:1]-[A:2]-[A:3]-[A:4]=[A:5]>>[A:1].[A:2]=[A:3].[A:4]#[A:5]_1000-1_00000_00000,"{'A': [], 'B': [(4, 3), (3, 4), (1, 2), (2, 1)], 'C': [(4, 5), (5, 4), (3, 2), (2, 3)], 'R': []}","{4: 0, 5: -1, 3: 0, 2: 0, 1: 1}","{4: 0, 5: 0, 3: 0, 2: 0, 1: 0}","{4: 0, 5: 0, 3: 0, 2: 0, 1: 0}",69
80,[A:1]-[A:2]-[A:3]=[A:4]-[A:5]>>[A:1].[A:2]:[A:3]-[A:4]=[A:5]_00000_-10001_00000,"{'A': [], 'B': [(2, 1), (1, 2)], 'C': [(2, 3), (3, 2), (3, 4), (4, 3), (4, 5), (5, 4)], 'R': []}","{2: 0, 3: 0, 4: 0, 5: 0, 1: 0}","{2: 0, 3: 0, 4: 0, 5: 1, 1: -1}","{2: 0, 3: 0, 4: 0, 5: 0, 1: 0}",5
81,[A:1].[A:2]-[A:3]-[A:4]>>[A:1].[A:2].[A:3]=[A:4]_100-1_1-100_0000,"{'A': [], 'B': [(3, 2), (2, 3)], 'C': [(4, 3), (3, 4)], 'R': [(1, -1)]}","{2: 0, 4: -1, 3: 0, 1: 1}","{2: -1, 4: 0, 3: 0, 1: 1}","{2: 0, 4: 0, 3: 0, 1: 0}",36
82,[A:1]-[A:2]=[A:3]>>[A:1]-[A:2]-[A:3]_-101_1-10_000,"{'A': [], 'B': [], 'C': [(2, 3), (3, 2)], 'R': []}","{1: -1, 2: 0, 3: 1}","{1: 1, 2: -1, 3: 0}","{1: 0, 2: 0, 3: 0}",8
83,[A:1].[A:2]-[A:3]>>[A:1].[A:2].[A:3]_10-1_1-10_000,"{'A': [], 'B': [(3, 2), (2, 3)], 'C': [], 'R': [(1, -1)]}","{3: -1, 1: 1, 2: 0}","{3: 0, 1: 1, 2: -1}","{3: 0, 1: 0, 2: 0}",8
84,[A:1]-[A:2].[A:3]1-[A:4]-[A:5]=[A:6]-[A:7]=[A:8]-1>>[A:1].[A:2].[A:3]1:[A:4]:[A:5]:[A:6]:[A:7]:[A:8]:1_01-100000_100-10000_00000000,"{'A': [], 'B': [(1, 2), (2, 1)], 'C': [(8, 7), (7, 8), (8, 3), (3, 8), (7, 6), (6, 7), (6, 5), (5, 6), (5, 4), (4, 5), (4, 3), (3, 4)], 'R': []}","{8: 0, 7: 0, 6: 0, 5: 0, 4: 0, 3: -1, 1: 0, 2: 1}","{8: 0, 7: 0, 6: 0, 5: 0, 4: -1, 3: 0, 1: 1, 2: 0}","{8: 0, 7: 0, 6: 0, 5: 0, 4: 0, 3: 0, 1: 0, 2: 0}",1
85,[A:1].[A:2]>>[A:1]-[A:2]_00_01_00,"{'A': [(2, 1), (1, 2)], 'B': [], 'C': [], 'R': []}","{2: 0, 1: 0}","{2: 1, 1: 0}","{2: 0, 1: 0}",50
86,[A:1].[A:2]1:[A:3]:[A:4]:[A:5]:[A:6]:[A:7]:1>>[A:1]-[A:2]1-[A:3]=[A:4]-[A:5]=[A:6]-[A:7]-1_0000000_-1000001_0000000,"{'A': [(1, 2)], 'B': [], 'C': [(2, 3), (2, 7)], 'R': [(5, -1)]}","{4: 0, 3: 0, 2: 0, 1: 0, 7: 0, 6: 0, 5: 0}","{4: 0, 3: 0, 2: 0, 1: -1, 7: 1, 6: 0, 5: 0}","{4: 0, 3: 0, 2: 0, 1: 0, 7: 0, 6: 0, 5: 0}",18
87,[A:1].[A:2]=[A:3]>>[A:1].[A:2]-[A:3]_-101_-110_000,"{'A': [], 'B': [], 'C': [(3, 2), (2, 3)], 'R': [(1, -1)]}","{3: 1, 2: 0, 1: -1}","{3: 0, 2: 1, 1: -1}","{3: 0, 2: 0, 1: 0}",14
88,[A:1].[A:2]=[A:3]=[A:4]>>[A:1].[A:2]-[A:3]#[A:4]_-1100_-1001_0000,"{'A': [], 'B': [], 'C': [(2, 3), (3, 2), (3, 4), (4, 3)], 'R': [(1, -1)]}","{1: -1, 2: 1, 3: 0, 4: 0}","{1: -1, 2: 0, 3: 0, 4: 1}","{1: 0, 2: 0, 3: 0, 4: 0}",18
89,[A:1].[A:2].[A:3]>>[A:1].[A:2]-[A:3]_1-10_10-1_000,"{'A': [(2, 3), (3, 2)], 'B': [], 'C': [], 'R': [(1, -1)]}","{2: -1, 3: 0, 1: 1}","{2: 0, 3: -1, 1: 1}","{2: 0, 3: 0, 1: 0}",6
90,[A:1].[A:2]:[A:3]:[A:4]:[A:5]>>[A:1]-[A:2]-[A:3]-[A:4]=[A:5]_00000_-10100_00000,"{'A': [(1, 2)], 'B': [], 'C': [(2, 3)], 'R': [(5, -1)]}","{5: 0, 4: 0, 3: 0, 2: 0, 1: 0}","{5: 0, 4: 0, 3: 1, 2: 0, 1: -1}","{5: 0, 4: 0, 3: 0, 2: 0, 1: 0}",8
91,[A:1]=[A:2].[A:3]=[A:4]-[A:5]=[A:6]>>[A:1]1-[A:2]-[A:3]-[A:4]=[A:5]-[A:6]-1_000000_000000_011001,"{'A': [(1, 6), (6, 1), (2, 3), (3, 2)], 'B': [], 'C': [(4, 3), (1, 2), (5, 6), (2, 1), (6, 5), (3, 4)], 'R': []}","{6: 0, 5: 0, 4: 0, 3: 0, 2: 0, 1: 0}","{6: 0, 5: 0, 4: 0, 3: 0, 2: 0, 1: 0}","{6: 1, 5: 0, 4: 0, 3: 1, 2: 1, 1: 0}",1
92,[A:1]=[A:6].[A:2]=[A:3]-[A:4]=[A:5]>>[A:1]1-[A:2]-[A:3]=[A:4]-[A:5]-[A:6]-1_000000_000000_000000,"{'A': [(5, 6), (6, 5), (1, 2), (2, 1)], 'B': [], 'C': [(5, 4), (6, 1), (1, 6), (2, 3), (4, 5), (3, 2)], 'R': []}","{6: 0, 5: 0, 4: 0, 3: 0, 2: 0, 1: 0}","{6: 0, 5: 0, 4: 0, 3: 0, 2: 0, 1: 0}","{6: 0, 5: 0, 4: 0, 3: 0, 2: 0, 1: 0}",8
93,[A:1].[A:2]1=[A:3]-[A:4]-[A:5]=[A:6]-[A:7]-[A:8]=[A:9]-[A:10]-1>>[A:1].[A:2]1:[A:3]-[A:4]:[A:5]:[A:6]:[A:7]:[A:8]:[A:9]:[A:10]:1_1000-100000_1000-100000_0000000000,"{'A': [], 'B': [], 'C': [(10, 9), (9, 10), (10, 2), (2, 10), (9, 8), (8, 9), (8, 7), (7, 8), (7, 6), (6, 7), (6, 5), (5, 6), (5, 4), (4, 5), (4, 3), (3, 4), (3, 2), (2, 3)], 'R': [(1, -1)]}","{10: 0, 9: 0, 8: 0, 7: 0, 6: 0, 5: -1, 4: 0, 3: 0, 2: 0, 1: 1}","{10: 0, 9: 0, 8: 0, 7: 0, 6: 0, 5: -1, 4: 0, 3: 0, 2: 0, 1: 1}","{10: 0, 9: 0, 8: 0, 7: 0, 6: 0, 5: 0, 4: 0, 3: 0, 2: 0, 1: 0}",7
94,[A:1].[A:2]1=[A:6]-[A:5]-[A:4]=[A:3]-1>>[A:1].[A:2]1:[A:3]:[A:4]:[A:5]:[A:6]:1_1000-10_1000-10_000000,"{'A': [], 'B': [], 'C': [(2, 3), (3, 2), (2, 6), (6, 2), (3, 4), (4, 3), (4, 5), (5, 4), (5, 6), (6, 5)], 'R': [(1, -1)]}","{2: 0, 3: 0, 4: 0, 5: -1, 6: 0, 1: 1}","{2: 0, 3: 0, 4: 0, 5: -1, 6: 0, 1: 1}","{2: 0, 3: 0, 4: 0, 5: 0, 6: 0, 1: 0}",74
95,[A:1]-[A:6]1-[A:5]=[A:4]-[A:3]=[A:2]-[A:7]-1=[A:8]=[A:9]>>[A:1].[A:2]1:[A:3]:[A:4]:[A:5]:[A:6]:[A:7]:1-[A:8]#[A:9]_000000000_-100000001_000000000,"{'A': [], 'B': [(6, 1), (1, 6)], 'C': [(6, 7), (7, 6), (6, 5), (5, 6), (7, 8), (8, 7), (7, 2), (2, 7), (8, 9), (9, 8), (2, 3), (3, 2), (3, 4), (4, 3), (4, 5), (5, 4)], 'R': []}","{6: 0, 7: 0, 8: 0, 9: 0, 2: 0, 3: 0, 4: 0, 5: 0, 1: 0}","{6: 0, 7: 0, 8: 0, 9: 1, 2: 0, 3: 0, 4: 0, 5: 0, 1: -1}","{6: 0, 7: 0, 8: 0, 9: 0, 2: 0, 3: 0, 4: 0, 5: 0, 1: 0}",51
96,[A:1].[A:2]1=[A:3]-[A:4]-[A:5]=[A:6]-1>>[A:1].[A:2]1:[A:3]:[A:4]:[A:5]:[A:6]:1_100-100_1-10000_000000,"{'A': [], 'B': [], 'C': [(6, 5), (5, 6), (6, 2), (2, 6), (5, 4), (4, 5), (4, 3), (3, 4), (3, 2), (2, 3)], 'R': [(1, -1)]}","{6: 0, 5: 0, 4: -1, 3: 0, 2: 0, 1: 1}","{6: 0, 5: 0, 4: 0, 3: 0, 2: -1, 1: 1}","{6: 0, 5: 0, 4: 0, 3: 0, 2: 0, 1: 0}",6
97,[A:1].[A:2]:[A:3](-[A:4]=[A:5]):[A:6]:[A:7]>>[A:1]-[A:2]-[A:3](=[A:4]-[A:5])-[A:6]=[A:7]_0000000_1000-100_0000000,"{'A': [(1, 2)], 'B': [], 'C': [(2, 3)], 'R': [(5, -1), (7, -1)]}","{2: 0, 1: 0, 3: 0, 4: 0, 5: 0, 6: 0, 7: 0}","{2: 0, 1: 1, 3: 0, 4: 0, 5: -1, 6: 0, 7: 0}","{2: 0, 1: 0, 3: 0, 4: 0, 5: 0, 6: 0, 7: 0}",43
98,[A:1]-[A:5].[A:2]-[A:3]=[A:4]>>[A:1]-[A:2]-[A:3](-[A:4])-[A:5]_0-1010_00000_00000,"{'A': [(3, 5), (2, 1)], 'B': [(5, 1), (1, 5)], 'C': [(4, 3)], 'R': []}","{5: 0, 3: 0, 4: 1, 2: -1, 1: 0}","{5: 0, 3: 0, 4: 0, 2: 0, 1: 0}","{5: 0, 3: 0, 4: 0, 2: 0, 1: 0}",1
99,[A:1]-[A:6]1-[A:5]=[A:4]:[A:3]=[A:2]-[A:7]-1=[A:8]-[A:9]>>[A:1].[A:2]1:[A:3]:[A:4]:[A:5]:[A:6]:[A:7]:1-[A:8]=[A:9]_000000000_-100000001_000000000,"{'A': [], 'B': [(6, 1), (1, 6)], 'C': [(6, 7), (7, 6), (6, 5), (5, 6), (7, 8), (8, 7), (7, 2), (2, 7), (8, 9), (9, 8), (2, 3), (3, 2), (4, 5), (5, 4)], 'R': []}","{6: 0, 7: 0, 8: 0, 9: 0, 2: 0, 3: 0, 4: 0, 5: 0, 1: 0}","{6: 0, 7: 0, 8: 0, 9: 1, 2: 0, 3: 0, 4: 0, 5: 0, 1: -1}","{6: 0, 7: 0, 8: 0, 9: 0, 2: 0, 3: 0, 4: 0, 5: 0, 1: 0}",17
100,[A:5].[A:1]=[A:2]-[A:3](:[A:4]):[A:6]:[A:7]>>[A:1]-[A:2]=[A:3](-[A:4]-[A:5])-[A:6]=[A:7]_0000000_-1000100_0000000,"{'A': [(5, 4)], 'B': [], 'C': [(4, 3)], 'R': [(7, -1), (1, -1)]}","{4: 0, 5: 0, 7: 0, 6: 0, 3: 0, 2: 0, 1: 0}","{4: 0, 5: 1, 7: 0, 6: 0, 3: 0, 2: 0, 1: -1}","{4: 0, 5: 0, 7: 0, 6: 0, 3: 0, 2: 0, 1: 0}",1
101,[A:1]-[A:4]1-[A:5]=[A:6]-[A:7](=[A:8]=[A:9])-[A:2]=[A:3]-1>>[A:1].[A:2]1:[A:3]:[A:4]:[A:5]:[A:6]:[A:7]:1-[A:8]#[A:9]_000000000_-100000001_000000000,"{'A': [], 'B': [(4, 1), (1, 4)], 'C': [(4, 5), (5, 4), (4, 3), (3, 4), (5, 6), (6, 5), (6, 7), (7, 6), (7, 8), (8, 7), (7, 2), (2, 7), (8, 9), (9, 8), (2, 3), (3, 2)], 'R': []}","{4: 0, 5: 0, 6: 0, 7: 0, 8: 0, 9: 0, 2: 0, 3: 0, 1: 0}","{4: 0, 5: 0, 6: 0, 7: 0, 8: 0, 9: 1, 2: 0, 3: 0, 1: -1}","{4: 0, 5: 0, 6: 0, 7: 0, 8: 0, 9: 0, 2: 0, 3: 0, 1: 0}",38
102,[A:1]-[A:2]-[A:3](=[A:4]-[A:5])-[A:6]=[A:7]>>[A:1].[A:2]:[A:3](-[A:4]=[A:5]):[A:6]:[A:7]_0000000_-1000100_0000000,"{'A': [], 'B': [(2, 1), (1, 2)], 'C': [(2, 3), (3, 2), (3, 4), (4, 3), (3, 6), (6, 3), (4, 5), (5, 4), (6, 7), (7, 6)], 'R': []}","{2: 0, 3: 0, 4: 0, 5: 0, 6: 0, 7: 0, 1: 0}","{2: 0, 3: 0, 4: 0, 5: 1, 6: 0, 7: 0, 1: -1}","{2: 0, 3: 0, 4: 0, 5: 0, 6: 0, 7: 0, 1: 0}",37
103,[A:1].[A:2]-[A:5]-[A:4]=[A:3]>>[A:1]-[A:2].[A:3]-[A:4]=[A:5]_0-1100_1-1000_00000,"{'A': [(1, 2)], 'B': [(5, 2), (2, 5)], 'C': [(5, 4)], 'R': []}","{1: 0, 2: -1, 3: 1, 4: 0, 5: 0}","{1: 1, 2: -1, 3: 0, 4: 0, 5: 0}","{1: 0, 2: 0, 3: 0, 4: 0, 5: 0}",36
104,[A:1]-[A:5]-[A:4](-[A:3]=[A:2])=[A:6]=[A:7]>>[A:1].[A:2]:[A:3]:[A:4](:[A:5])-[A:6]#[A:7]_0000000_-1000001_0000000,"{'A': [], 'B': [(5, 1), (1, 5)], 'C': [(5, 4), (4, 5), (2, 3), (3, 2), (3, 4), (4, 3), (4, 6), (6, 4), (6, 7), (7, 6)], 'R': []}","{5: 0, 2: 0, 3: 0, 4: 0, 6: 0, 7: 0, 1: 0}","{5: 0, 2: 0, 3: 0, 4: 0, 6: 0, 7: 1, 1: -1}","{5: 0, 2: 0, 3: 0, 4: 0, 6: 0, 7: 0, 1: 0}",5
105,[A:1]-[A:2].[A:3]=[A:4]-[A:5]>>[A:1].[A:2]-[A:3]-[A:4]=[A:5]_00000_-10001_00000,"{'A': [(3, 2)], 'B': [(1, 2), (2, 1)], 'C': [(4, 3)], 'R': []}","{2: 0, 3: 0, 4: 0, 5: 0, 1: 0}","{2: 0, 3: 0, 4: 0, 5: 1, 1: -1}","{2: 0, 3: 0, 4: 0, 5: 0, 1: 0}",23
106,[A:1]-[A:2]1-[A:3]=[A:4]-[A:5]=[A:6]-[A:7]-1=[A:8]=[A:9]>>[A:1].[A:2]1:[A:3]:[A:4]:[A:5]:[A:6]:[A:7]:1-[A:8]#[A:9]_000000000_-100000001_000000000,"{'A': [], 'B': [(2, 1), (1, 2)], 'C': [(2, 3), (3, 2), (2, 7), (7, 2), (3, 4), (4, 3), (4, 5), (5, 4), (5, 6), (6, 5), (6, 7), (7, 6), (7, 8), (8, 7), (8, 9), (9, 8)], 'R': []}","{2: 0, 3: 0, 4: 0, 5: 0, 6: 0, 7: 0, 8: 0, 9: 0, 1: 0}","{2: 0, 3: 0, 4: 0, 5: 0, 6: 0, 7: 0, 8: 0, 9: 1, 1: -1}","{2: 0, 3: 0, 4: 0, 5: 0, 6: 0, 7: 0, 8: 0, 9: 0, 1: 0}",13
107,[A:1]-[A:11].[A:2]1:[A:10]:[A:9]:[A:8]:[A:7]:[A:6]:[A:5]:[A:4]:[A:3]-1>>[A:1].[A:2]-[A:3]1-[A:4]=[A:5]-[A:6]2=[A:7]-[A:8]=[A:9]-[A:10]-2=[A:11]-1_00000000000_-10000000010_00000000000,"{'A': [(10, 11)], 'B': [(1, 11), (11, 1)], 'C': [(2, 10), (9, 10)], 'R': [(5, -1), (7, -1), (4, -1), (6, -1)]}","{5: 0, 4: 0, 3: 0, 2: 0, 10: 0, 11: 0, 9: 0, 8: 0, 7: 0, 6: 0, 1: 0}","{5: 0, 4: 0, 3: 0, 2: 0, 10: 1, 11: 0, 9: 0, 8: 0, 7: 0, 6: 0, 1: -1}","{5: 0, 4: 0, 3: 0, 2: 0, 10: 0, 11: 0, 9: 0, 8: 0, 7: 0, 6: 0, 1: 0}",8
108,[A:1]-[A:2].[A:3]:[A:4]:[A:5]:[A:6]:[A:7]:[A:8]:[A:9]>>[A:1].[A:2]-[A:3]-[A:4]=[A:5]-[A:6]=[A:7]-[A:8]=[A:9]_000000000_-101000000_000000000,"{'A': [(3, 2)], 'B': [(1, 2), (2, 1)], 'C': [(4, 3)], 'R': [(8, -1), (7, -1), (9, -1), (6, -1)]}","{3: 0, 2: 0, 4: 0, 5: 0, 6: 0, 7: 0, 8: 0, 9: 0, 1: 0}","{3: 1, 2: 0, 4: 0, 5: 0, 6: 0, 7: 0, 8: 0, 9: 0, 1: -1}","{3: 0, 2: 0, 4: 0, 5: 0, 6: 0, 7: 0, 8: 0, 9: 0, 1: 0}",3
109,[A:1].[A:2]=[A:3]-[A:4]-[A:5]=[A:6]>>[A:1].[A:2]:[A:3]:[A:4]:[A:5]:[A:6]_100-100_100-100_000000,"{'A': [], 'B': [], 'C': [(3, 2), (2, 3), (3, 4), (4, 3), (6, 5), (5, 6), (5, 4), (4, 5)], 'R': [(1, -1)]}","{3: 0, 2: 0, 6: 0, 5: 0, 4: -1, 1: 1}","{3: 0, 2: 0, 6: 0, 5: 0, 4: -1, 1: 1}","{3: 0, 2: 0, 6: 0, 5: 0, 4: 0, 1: 0}",1
110,[A:1].[A:7]:[A:6]:[A:2]:[A:3]-[A:4]#[A:5]>>[A:1]-[A:2](-[A:3]=[A:4]=[A:5])-[A:6]=[A:7]_0000000_1000-100_0000000,"{'A': [(1, 2)], 'B': [], 'C': [(2, 3), (2, 6)], 'R': [(5, -1)]}","{2: 0, 1: 0, 3: 0, 4: 0, 5: 0, 7: 0, 6: 0}","{2: 0, 1: 1, 3: 0, 4: 0, 5: -1, 7: 0, 6: 0}","{2: 0, 1: 0, 3: 0, 4: 0, 5: 0, 7: 0, 6: 0}",1
111,[A:1]-[A:2].[A:3]1=[A:8]-[A:7]=[A:6]-[A:5]-[A:4]-1>>[A:1].[A:2].[A:3]1:[A:4]:[A:5]:[A:6]:[A:7]:[A:8]:1_0100-1000_100-10000_00000000,"{'A': [], 'B': [(1, 2), (2, 1)], 'C': [(3, 4), (4, 3), (3, 8), (8, 3), (4, 5), (5, 4), (5, 6), (6, 5), (6, 7), (7, 6), (7, 8), (8, 7)], 'R': []}","{3: 0, 4: 0, 5: -1, 6: 0, 7: 0, 8: 0, 1: 0, 2: 1}","{3: 0, 4: -1, 5: 0, 6: 0, 7: 0, 8: 0, 1: 1, 2: 0}","{3: 0, 4: 0, 5: 0, 6: 0, 7: 0, 8: 0, 1: 0, 2: 0}",5
112,[A:1].[A:2]:[A:3]:[A:4]:[A:5]-[A:6]=[A:7]>>[A:1]-[A:2]-[A:3]=[A:4]-[A:5]=[A:6]-[A:7]_0000000_100000-1_0000000,"{'A': [(1, 2)], 'B': [], 'C': [(2, 3)], 'R': [(5, -1), (7, -1), (6, -1)]}","{2: 0, 1: 0, 3: 0, 4: 0, 5: 0, 6: 0, 7: 0}","{2: 0, 1: 1, 3: 0, 4: 0, 5: 0, 6: 0, 7: -1}","{2: 0, 1: 0, 3: 0, 4: 0, 5: 0, 6: 0, 7: 0}",17
113,[A:1]=[A:4].[A:2]=[A:3]>>[A:1]1-[A:2]-[A:3]-[A:4]-1_0000_0000_0000,"{'A': [(3, 4), (4, 3), (1, 2), (2, 1)], 'B': [], 'C': [(1, 4), (3, 2), (2, 3), (4, 1)], 'R': []}","{4: 0, 3: 0, 2: 0, 1: 0}","{4: 0, 3: 0, 2: 0, 1: 0}","{4: 0, 3: 0, 2: 0, 1: 0}",21
114,[A:1]-[A:2].[A:3]1:[A:4]:[A:5]:[A:6]:[A:7]:1>>[A:1].[A:2]-[A:3]1-[A:4]=[A:5]:[A:6]=[A:7]-1_0000000_-1010000_0000000,"{'A': [(3, 2)], 'B': [(1, 2), (2, 1)], 'C': [(7, 3), (4, 3)], 'R': []}","{7: 0, 6: 0, 5: 0, 4: 0, 3: 0, 2: 0, 1: 0}","{7: 0, 6: 0, 5: 0, 4: 0, 3: 1, 2: 0, 1: -1}","{7: 0, 6: 0, 5: 0, 4: 0, 3: 0, 2: 0, 1: 0}",5
115,[A:1]-[A:4]1-[A:3]=[A:2]-[A:7](=[A:8]=[A:9])-[A:6]=[A:5]-1>>[A:1].[A:2]1:[A:3]:[A:4]:[A:5]:[A:6]:[A:7]:1-[A:8]#[A:9]_000000000_-100000001_000000000,"{'A': [], 'B': [(4, 1), (1, 4)], 'C': [(4, 5), (5, 4), (4, 3), (3, 4), (5, 6), (6, 5), (6, 7), (7, 6), (7, 8), (8, 7), (7, 2), (2, 7), (8, 9), (9, 8), (2, 3), (3, 2)], 'R': []}","{4: 0, 5: 0, 6: 0, 7: 0, 8: 0, 9: 0, 2: 0, 3: 0, 1: 0}","{4: 0, 5: 0, 6: 0, 7: 0, 8: 0, 9: 1, 2: 0, 3: 0, 1: -1}","{4: 0, 5: 0, 6: 0, 7: 0, 8: 0, 9: 0, 2: 0, 3: 0, 1: 0}",11
116,[A:1].[A:2]1-[A:3]=[A:4]-[A:5]=[A:6]-1>>[A:1].[A:2]1:[A:3]:[A:4]:[A:5]:[A:6]:1_10-1000_10-1000_000000,"{'A': [], 'B': [], 'C': [(2, 3), (3, 2), (2, 6), (6, 2), (3, 4), (4, 3), (4, 5), (5, 4), (5, 6), (6, 5)], 'R': [(1, -1)]}","{2: 0, 3: -1, 4: 0, 5: 0, 6: 0, 1: 1}","{2: 0, 3: -1, 4: 0, 5: 0, 6: 0, 1: 1}","{2: 0, 3: 0, 4: 0, 5: 0, 6: 0, 1: 0}",11
117,[A:1]-[A:2].[A:3]-[A:4]>>[A:1].[A:2].[A:3]:[A:4]_01-10_100-1_0000,"{'A': [], 'B': [(1, 2), (2, 1)], 'C': [(4, 3), (3, 4)], 'R': []}","{4: 0, 3: -1, 1: 0, 2: 1}","{4: -1, 3: 0, 1: 1, 2: 0}","{4: 0, 3: 0, 1: 0, 2: 0}",8
118,[A:1]-[A:3].[A:2].[A:4]:[A:5]>>[A:1].[A:2]-[A:3].[A:4]=[A:5]_00000_-11000_00000,"{'A': [(2, 3)], 'B': [(1, 3), (3, 1)], 'C': [], 'R': [(5, -1), (4, -1)]}","{2: 0, 3: 0, 5: 0, 4: 0, 1: 0}","{2: 1, 3: 0, 5: 0, 4: 0, 1: -1}","{2: 0, 3: 0, 5: 0, 4: 0, 1: 0}",35
119,[A:1]#[A:2].[A:3]=[A:4]-[A:5]=[A:6]>>[A:1]1-[A:2]=[A:3]-[A:4]-[A:5]=[A:6]-1_000000_000000_000000,"{'A': [(6, 1), (1, 6), (3, 2), (2, 3)], 'B': [], 'C': [(3, 4), (2, 1), (4, 3), (1, 2), (6, 5), (5, 6)], 'R': []}","{1: 0, 2: 0, 3: 0, 4: 0, 5: 0, 6: 0}","{1: 0, 2: 0, 3: 0, 4: 0, 5: 0, 6: 0}","{1: 0, 2: 0, 3: 0, 4: 0, 5: 0, 6: 0}",3
120,[A:1]=[A:2].[A:3]=[A:4]-[A:5]=[A:6]>>[A:1]1-[A:2]-[A:3]-[A:4]=[A:5]-[A:6]-1_000000_000000_120001,"{'A': [(1, 6), (6, 1), (2, 3), (3, 2)], 'B': [], 'C': [(2, 1), (3, 4), (5, 6), (4, 3), (1, 2), (6, 5)], 'R': []}","{6: 0, 5: 0, 4: 0, 3: 0, 2: 0, 1: 0}","{6: 0, 5: 0, 4: 0, 3: 0, 2: 0, 1: 0}","{6: 1, 5: 0, 4: 0, 3: 0, 2: 2, 1: 1}",2
121,[A:1]-[A:5]-[A:4](-[A:6]=[A:7])=[A:3]-[A:2]>>[A:1].[A:2]=[A:3]-[A:4](:[A:5]):[A:6]:[A:7]_0000000_-1100000_0000000,"{'A': [], 'B': [(5, 1), (1, 5)], 'C': [(5, 4), (4, 5), (7, 6), (6, 7), (6, 4), (4, 6), (4, 3), (3, 4), (3, 2), (2, 3)], 'R': []}","{5: 0, 7: 0, 6: 0, 4: 0, 3: 0, 2: 0, 1: 0}","{5: 0, 7: 0, 6: 0, 4: 0, 3: 0, 2: 1, 1: -1}","{5: 0, 7: 0, 6: 0, 4: 0, 3: 0, 2: 0, 1: 0}",2
122,[A:1]-[A:2].[A:3]1=[A:8]-[A:7]-[A:6]-[A:5]=[A:4]-1>>[A:1].[A:2].[A:3]1:[A:4]:[A:5]:[A:6]:[A:7]:[A:8]:1_010000-10_10000-100_00000000,"{'A': [], 'B': [(1, 2), (2, 1)], 'C': [(3, 4), (4, 3), (3, 8), (8, 3), (4, 5), (5, 4), (5, 6), (6, 5), (6, 7), (7, 6), (7, 8), (8, 7)], 'R': []}","{3: 0, 4: 0, 5: 0, 6: 0, 7: -1, 8: 0, 1: 0, 2: 1}","{3: 0, 4: 0, 5: 0, 6: -1, 7: 0, 8: 0, 1: 1, 2: 0}","{3: 0, 4: 0, 5: 0, 6: 0, 7: 0, 8: 0, 1: 0, 2: 0}",2
123,[A:1]-[A:2].[A:3]-[A:4]-[A:5]=[A:6]>>[A:1].[A:2].[A:3]:[A:4]:[A:5]:[A:6]_01-1000_100-100_000000,"{'A': [], 'B': [(1, 2), (2, 1)], 'C': [(3, 4), (4, 3), (4, 5), (5, 4), (5, 6), (6, 5)], 'R': []}","{3: -1, 4: 0, 5: 0, 6: 0, 1: 0, 2: 1}","{3: 0, 4: -1, 5: 0, 6: 0, 1: 1, 2: 0}","{3: 0, 4: 0, 5: 0, 6: 0, 1: 0, 2: 0}",7
124,[A:1]=[A:6].[A:2]=[A:3]-[A:4]=[A:5]>>[A:1]1-[A:2]-[A:3]=[A:4]-[A:5]-[A:6]-1_000000_000000_120011,"{'A': [(5, 6), (6, 5), (1, 2), (2, 1)], 'B': [], 'C': [(4, 5), (3, 2), (5, 4), (2, 3), (1, 6), (6, 1)], 'R': []}","{6: 0, 5: 0, 4: 0, 3: 0, 2: 0, 1: 0}","{6: 0, 5: 0, 4: 0, 3: 0, 2: 0, 1: 0}","{6: 1, 5: 1, 4: 0, 3: 0, 2: 2, 1: 1}",2
125,[A:1].[A:2]:[A:3]-[A:4]#[A:5]>>[A:1]-[A:2]-[A:3]=[A:4]=[A:5]_00000_1000-1_00000,"{'A': [(1, 2)], 'B': [], 'C': [(2, 3)], 'R': [(5, -1)]}","{2: 0, 1: 0, 3: 0, 4: 0, 5: 0}","{2: 0, 1: 1, 3: 0, 4: 0, 5: -1}","{2: 0, 1: 0, 3: 0, 4: 0, 5: 0}",1
126,[A:1]-[A:2]>>[A:1]=[A:2]_00_-11_00,"{'A': [], 'B': [], 'C': [(2, 1), (1, 2)], 'R': []}","{2: 0, 1: 0}","{2: 1, 1: -1}","{2: 0, 1: 0}",6
127,[A:7].[A:1]:[A:2]:[A:3](:[A:6])-[A:4]#[A:5]>>[A:1]=[A:2]-[A:3](=[A:4]=[A:5])-[A:6]-[A:7]_0000000_0000-101_0000000,"{'A': [(7, 6)], 'B': [], 'C': [(6, 3)], 'R': [(5, -1), (1, -1)]}","{6: 0, 7: 0, 1: 0, 2: 0, 3: 0, 4: 0, 5: 0}","{6: 0, 7: 1, 1: 0, 2: 0, 3: 0, 4: 0, 5: -1}","{6: 0, 7: 0, 1: 0, 2: 0, 3: 0, 4: 0, 5: 0}",3
128,[A:1]-[A:2].[A:3]1:[A:8]=[A:7]-[A:6]-[A:5]-[A:4]=1>>[A:1].[A:2].[A:3]1:[A:4]:[A:5]:[A:6]:[A:7]:[A:8]:1_0100-1000_10000-100_00000000,"{'A': [], 'B': [(1, 2), (2, 1)], 'C': [(3, 4), (4, 3), (4, 5), (5, 4), (5, 6), (6, 5), (6, 7), (7, 6), (7, 8), (8, 7)], 'R': []}","{3: 0, 4: 0, 5: -1, 6: 0, 7: 0, 8: 0, 1: 0, 2: 1}","{3: 0, 4: 0, 5: 0, 6: -1, 7: 0, 8: 0, 1: 1, 2: 0}","{3: 0, 4: 0, 5: 0, 6: 0, 7: 0, 8: 0, 1: 0, 2: 0}",1
129,[A:1]=[A:6]-[A:5]=[A:4].[A:2]=[A:3]>>[A:1]1-[A:2]-[A:3]-[A:4]-[A:5]=[A:6]-1_000000_000000_022000,"{'A': [(3, 4), (4, 3), (1, 2), (2, 1)], 'B': [], 'C': [(2, 3), (4, 5), (5, 4), (1, 6), (6, 1), (3, 2)], 'R': []}","{6: 0, 5: 0, 4: 0, 3: 0, 2: 0, 1: 0}","{6: 0, 5: 0, 4: 0, 3: 0, 2: 0, 1: 0}","{6: 0, 5: 0, 4: 0, 3: 2, 2: 2, 1: 0}",1
130,[A:7].[A:1]=[A:2]-[A:3](:[A:6]):[A:4]:[A:5]>>[A:1]-[A:2]=[A:3](-[A:4]=[A:5])-[A:6]-[A:7]_0000000_-1000001_0000000,"{'A': [(7, 6)], 'B': [], 'C': [(6, 3)], 'R': [(5, -1), (1, -1)]}","{6: 0, 7: 0, 3: 0, 2: 0, 1: 0, 4: 0, 5: 0}","{6: 0, 7: 1, 3: 0, 2: 0, 1: -1, 4: 0, 5: 0}","{6: 0, 7: 0, 3: 0, 2: 0, 1: 0, 4: 0, 5: 0}",1
131,[A:1].[A:7]:[A:6]:[A:2]:[A:3]-[A:4]=[A:5]>>[A:1]-[A:2](-[A:3]=[A:4]-[A:5])-[A:6]=[A:7]_0000000_1000-100_0000000,"{'A': [(1, 2)], 'B': [], 'C': [(2, 3), (2, 6)], 'R': [(5, -1)]}","{2: 0, 1: 0, 3: 0, 4: 0, 5: 0, 7: 0, 6: 0}","{2: 0, 1: 1, 3: 0, 4: 0, 5: -1, 7: 0, 6: 0}","{2: 0, 1: 0, 3: 0, 4: 0, 5: 0, 7: 0, 6: 0}",2
132,[A:1]=[A:6].[A:2]=[A:3]-[A:4]=[A:5]>>[A:1]1-[A:2]-[A:3]=[A:4]-[A:5]-[A:6]-1_000000_000000_100002,"{'A': [(5, 6), (6, 5), (1, 2), (2, 1)], 'B': [], 'C': [(5, 4), (4, 5), (2, 3), (3, 2), (6, 1), (1, 6)], 'R': []}","{6: 0, 5: 0, 4: 0, 3: 0, 2: 0, 1: 0}","{6: 0, 5: 0, 4: 0, 3: 0, 2: 0, 1: 0}","{6: 2, 5: 0, 4: 0, 3: 0, 2: 0, 1: 1}",3
133,[A:7].[A:1]:[A:2]:[A:3](:[A:6])-[A:4]=[A:5]>>[A:1]=[A:2]-[A:3](=[A:4]-[A:5])-[A:6]-[A:7]_0000000_0000-101_0000000,"{'A': [(7, 6)], 'B': [], 'C': [(6, 3)], 'R': [(5, -1), (1, -1)]}","{6: 0, 7: 0, 1: 0, 2: 0, 3: 0, 4: 0, 5: 0}","{6: 0, 7: 1, 1: 0, 2: 0, 3: 0, 4: 0, 5: -1}","{6: 0, 7: 0, 1: 0, 2: 0, 3: 0, 4: 0, 5: 0}",4
134,[A:1]=[A:6]-[A:5]=[A:4].[A:2]=[A:3]>>[A:1]1-[A:2]-[A:3]-[A:4]-[A:5]=[A:6]-1_000000_000000_011000,"{'A': [(3, 4), (4, 3), (1, 2), (2, 1)], 'B': [], 'C': [(3, 2), (2, 3), (4, 5), (6, 1), (1, 6), (5, 4)], 'R': []}","{6: 0, 5: 0, 4: 0, 3: 0, 2: 0, 1: 0}","{6: 0, 5: 0, 4: 0, 3: 0, 2: 0, 1: 0}","{6: 0, 5: 0, 4: 0, 3: 1, 2: 1, 1: 0}",1
135,[A:1]-[A:2].[A:3]1=[A:4]-[A:5]-[A:6]-[A:7]=[A:8]-1>>[A:1].[A:2].[A:3]1:[A:4]:[A:5]:[A:6]:[A:7]:[A:8]:1_0100-1000_10000-100_00000000,"{'A': [], 'B': [(2, 1), (1, 2)], 'C': [(8, 7), (7, 8), (8, 3), (3, 8), (7, 6), (6, 7), (6, 5), (5, 6), (5, 4), (4, 5), (4, 3), (3, 4)], 'R': []}","{8: 0, 7: 0, 6: 0, 5: -1, 4: 0, 3: 0, 1: 0, 2: 1}","{8: 0, 7: 0, 6: -1, 5: 0, 4: 0, 3: 0, 1: 1, 2: 0}","{8: 0, 7: 0, 6: 0, 5: 0, 4: 0, 3: 0, 1: 0, 2: 0}",9
136,[A:1]=[A:6].[A:2]=[A:3]-[A:4]=[A:5]>>[A:1]1-[A:2]-[A:3]=[A:4]-[A:5]-[A:6]-1_000000_000000_110011,"{'A': [(5, 6), (6, 5), (1, 2), (2, 1)], 'B': [], 'C': [(6, 1), (3, 2), (2, 3), (4, 5), (5, 4), (1, 6)], 'R': []}","{6: 0, 5: 0, 4: 0, 3: 0, 2: 0, 1: 0}","{6: 0, 5: 0, 4: 0, 3: 0, 2: 0, 1: 0}","{6: 1, 5: 1, 4: 0, 3: 0, 2: 1, 1: 1}",1
137,[A:1]-[A:5]-[A:4](-[A:3]=[A:2])=[A:6]-[A:7]>>[A:1].[A:2]:[A:3]:[A:4](:[A:5])-[A:6]=[A:7]_0000000_-1000001_0000000,"{'A': [], 'B': [(5, 1), (1, 5)], 'C': [(5, 4), (4, 5), (2, 3), (3, 2), (3, 4), (4, 3), (4, 6), (6, 4), (6, 7), (7, 6)], 'R': []}","{5: 0, 2: 0, 3: 0, 4: 0, 6: 0, 7: 0, 1: 0}","{5: 0, 2: 0, 3: 0, 4: 0, 6: 0, 7: 1, 1: -1}","{5: 0, 2: 0, 3: 0, 4: 0, 6: 0, 7: 0, 1: 0}",9
138,[A:1].[A:4]:1:[A:3]:[A:2]:[A:9]:[A:8]:[A:5]1-[A:6]#[A:7]>>[A:1]-[A:2]1-[A:3]=[A:4]-[A:5](=[A:6]=[A:7])-[A:8]=[A:9]-1_000000000_100000-100_000000000,"{'A': [(1, 2)], 'B': [], 'C': [(2, 9), (2, 3)], 'R': [(5, -1), (7, -1), (6, -1)]}","{2: 0, 1: 0, 9: 0, 8: 0, 5: 0, 6: 0, 7: 0, 4: 0, 3: 0}","{2: 0, 1: 1, 9: 0, 8: 0, 5: 0, 6: 0, 7: -1, 4: 0, 3: 0}","{2: 0, 1: 0, 9: 0, 8: 0, 5: 0, 6: 0, 7: 0, 4: 0, 3: 0}",6
139,[A:3]-[A:1]1-[A:2]-[A:4]-[A:5]-1>>[A:1]=[A:2].[A:3]-[A:4]=[A:5]_00000_00-101_00000,"{'A': [], 'B': [(4, 2), (2, 4), (3, 1), (1, 3)], 'C': [(2, 1), (1, 2), (4, 5), (5, 4)], 'R': []}","{2: 0, 1: 0, 4: 0, 5: 0, 3: 0}","{2: 0, 1: 0, 4: 0, 5: 1, 3: -1}","{2: 0, 1: 0, 4: 0, 5: 0, 3: 0}",2
140,[A:1]-[A:4](-[A:3]=[A:2])-[A:5]=[A:6]-[A:7]>>[A:1].[A:2]:[A:3]:[A:4]:[A:5]-[A:6]=[A:7]_0000000_-1000001_0000000,"{'A': [], 'B': [(4, 1), (1, 4)], 'C': [(4, 5), (5, 4), (4, 3), (3, 4), (5, 6), (6, 5), (6, 7), (7, 6), (2, 3), (3, 2)], 'R': []}","{4: 0, 5: 0, 6: 0, 7: 0, 2: 0, 3: 0, 1: 0}","{4: 0, 5: 0, 6: 0, 7: 1, 2: 0, 3: 0, 1: -1}","{4: 0, 5: 0, 6: 0, 7: 0, 2: 0, 3: 0, 1: 0}",5
141,[A:1]-[A:2].[A:3]-[A:4]-[A:5]=[A:6]>>[A:1].[A:2].[A:3]:[A:4]:[A:5]:[A:6]_010-100_10-1000_000000,"{'A': [], 'B': [(1, 2), (2, 1)], 'C': [(3, 4), (4, 3), (4, 5), (5, 4), (5, 6), (6, 5)], 'R': []}","{3: 0, 4: -1, 5: 0, 6: 0, 1: 0, 2: 1}","{3: -1, 4: 0, 5: 0, 6: 0, 1: 1, 2: 0}","{3: 0, 4: 0, 5: 0, 6: 0, 1: 0, 2: 0}",10
142,[A:1].[A:2]1:[A:3]:[A:4]:[A:5]:[A:6]:[A:7]:1-[A:8]=[A:9]>>[A:1]-[A:2]1-[A:3]=[A:4]:[A:5]=[A:6]-[A:7]-1=[A:8]-[A:9]_000000000_10000000-1_000000000,"{'A': [(1, 2)], 'B': [], 'C': [(2, 7), (2, 3)], 'R': [(5, -1), (9, -1)]}","{2: 0, 1: 0, 7: 0, 8: 0, 9: 0, 6: 0, 5: 0, 4: 0, 3: 0}","{2: 0, 1: 1, 7: 0, 8: 0, 9: -1, 6: 0, 5: 0, 4: 0, 3: 0}","{2: 0, 1: 0, 7: 0, 8: 0, 9: 0, 6: 0, 5: 0, 4: 0, 3: 0}",20
143,[A:1]=[A:2].[A:3]=[A:4]-[A:5]=[A:6]>>[A:1]1-[A:2]-[A:3]-[A:4]=[A:5]-[A:6]-1_000000_000000_122001,"{'A': [(1, 6), (6, 1), (2, 3), (3, 2)], 'B': [], 'C': [(6, 5), (3, 4), (1, 2), (2, 1), (4, 3), (5, 6)], 'R': []}","{6: 0, 5: 0, 4: 0, 3: 0, 2: 0, 1: 0}","{6: 0, 5: 0, 4: 0, 3: 0, 2: 0, 1: 0}","{6: 1, 5: 0, 4: 0, 3: 2, 2: 2, 1: 1}",3
144,[A:1]=[A:2].[A:3]=[A:4]-[A:5]=[A:6]>>[A:1]1-[A:2]-[A:3]-[A:4]=[A:5]-[A:6]-1_000000_000000_000000,"{'A': [(6, 1), (1, 6), (3, 2), (2, 3)], 'B': [], 'C': [(2, 1), (3, 4), (1, 2), (4, 3), (6, 5), (5, 6)], 'R': []}","{1: 0, 2: 0, 3: 0, 4: 0, 5: 0, 6: 0}","{1: 0, 2: 0, 3: 0, 4: 0, 5: 0, 6: 0}","{1: 0, 2: 0, 3: 0, 4: 0, 5: 0, 6: 0}",3
145,[A:1]=[A:4].[A:2]-[A:3]>>[A:1]1-[A:2]-[A:3]-[A:4]-1_0000_0-110_0000,"{'A': [(3, 4), (2, 1)], 'B': [], 'C': [(4, 1), (1, 4)], 'R': []}","{4: 0, 3: 0, 2: 0, 1: 0}","{4: 0, 3: 1, 2: -1, 1: 0}","{4: 0, 3: 0, 2: 0, 1: 0}",20
146,[A:1]=[A:6]-[A:5]=[A:4].[A:2]=[A:3]>>[A:1]1-[A:2]-[A:3]-[A:4]-[A:5]=[A:6]-1_000000_000000_001000,"{'A': [(3, 4), (4, 3), (1, 2), (2, 1)], 'B': [], 'C': [(6, 1), (3, 2), (4, 5), (1, 6), (5, 4), (2, 3)], 'R': []}","{6: 0, 5: 0, 4: 0, 3: 0, 2: 0, 1: 0}","{6: 0, 5: 0, 4: 0, 3: 0, 2: 0, 1: 0}","{6: 0, 5: 0, 4: 0, 3: 1, 2: 0, 1: 0}",1
147,[A:1]-[A:2]1-[A:3]=[A:4]:[A:5]=[A:6]-[A:7]-1=[A:8]-[A:9]>>[A:1].[A:2]1:[A:3]:[A:4]:[A:5]:[A:6]:[A:7]:1-[A:8]=[A:9]_000000000_-100000001_000000000,"{'A': [], 'B': [(2, 1), (1, 2)], 'C': [(2, 3), (3, 2), (2, 7), (7, 2), (3, 4), (4, 3), (5, 6), (6, 5), (6, 7), (7, 6), (7, 8), (8, 7), (8, 9), (9, 8)], 'R': []}","{2: 0, 3: 0, 4: 0, 5: 0, 6: 0, 7: 0, 8: 0, 9: 0, 1: 0}","{2: 0, 3: 0, 4: 0, 5: 0, 6: 0, 7: 0, 8: 0, 9: 1, 1: -1}","{2: 0, 3: 0, 4: 0, 5: 0, 6: 0, 7: 0, 8: 0, 9: 0, 1: 0}",1
148,[A:1].[A:2].[A:3]>>[A:1].[A:2]-[A:3]_10-1_1-10_000,"{'A': [(3, 2), (2, 3)], 'B': [], 'C': [], 'R': [(1, -1)]}","{3: -1, 2: 0, 1: 1}","{3: 0, 2: -1, 1: 1}","{3: 0, 2: 0, 1: 0}",14
149,[A:1]#[A:2].[A:3]=[A:4]-[A:5]=[A:6]>>[A:1]1-[A:2]=[A:3]-[A:4]-[A:5]=[A:6]-1_000000_000000_001002,"{'A': [(6, 1), (1, 6), (3, 2), (2, 3)], 'B': [], 'C': [(1, 2), (5, 6), (6, 5), (4, 3), (3, 4), (2, 1)], 'R': []}","{1: 0, 2: 0, 3: 0, 4: 0, 5: 0, 6: 0}","{1: 0, 2: 0, 3: 0, 4: 0, 5: 0, 6: 0}","{1: 0, 2: 0, 3: 1, 4: 0, 5: 0, 6: 2}",1
150,[A:1]=[A:6]-[A:5]=[A:4].[A:2]=[A:3]>>[A:1]1-[A:2]-[A:3]-[A:4]-[A:5]=[A:6]-1_000000_000000_222200,"{'A': [(3, 4), (4, 3), (1, 2), (2, 1)], 'B': [], 'C': [(6, 1), (4, 5), (2, 3), (5, 4), (3, 2), (1, 6)], 'R': []}","{6: 0, 5: 0, 4: 0, 3: 0, 2: 0, 1: 0}","{6: 0, 5: 0, 4: 0, 3: 0, 2: 0, 1: 0}","{6: 0, 5: 0, 4: 2, 3: 2, 2: 2, 1: 2}",1
151,[A:1].[A:2]:[A:3]-[A:4]=[A:5]>>[A:1]-[A:2]-[A:3]=[A:4]-[A:5]_00000_1000-1_00000,"{'A': [(1, 2)], 'B': [], 'C': [(2, 3)], 'R': [(5, -1)]}","{2: 0, 1: 0, 3: 0, 4: 0, 5: 0}","{2: 0, 1: 1, 3: 0, 4: 0, 5: -1}","{2: 0, 1: 0, 3: 0, 4: 0, 5: 0}",2
152,[A:1]=[A:6]-[A:5]=[A:4].[A:2]=[A:3]>>[A:1]1-[A:2]-[A:3]-[A:4]-[A:5]=[A:6]-1_000000_000000_111000,"{'A': [(3, 4), (4, 3), (1, 2), (2, 1)], 'B': [], 'C': [(2, 3), (3, 2), (4, 5), (6, 1), (1, 6), (5, 4)], 'R': []}","{6: 0, 5: 0, 4: 0, 3: 0, 2: 0, 1: 0}","{6: 0, 5: 0, 4: 0, 3: 0, 2: 0, 1: 0}","{6: 0, 5: 0, 4: 0, 3: 1, 2: 1, 1: 1}",1
153,[A:1]=[A:6]-[A:5]=[A:4].[A:2]=[A:3]>>[A:1]1-[A:2]-[A:3]-[A:4]-[A:5]=[A:6]-1_000000_000000_022200,"{'A': [(3, 4), (4, 3), (1, 2), (2, 1)], 'B': [], 'C': [(2, 3), (3, 2), (6, 1), (4, 5), (1, 6), (5, 4)], 'R': []}","{6: 0, 5: 0, 4: 0, 3: 0, 2: 0, 1: 0}","{6: 0, 5: 0, 4: 0, 3: 0, 2: 0, 1: 0}","{6: 0, 5: 0, 4: 2, 3: 2, 2: 2, 1: 0}",1
154,[A:1]:[A:2]:[A:3]:[A:5].[A:4]>>[A:1]=[A:2]-[A:3](-[A:4])-[A:5]_00000_000-11_00000,"{'A': [(4, 3)], 'B': [], 'C': [(3, 2), (3, 5)], 'R': []}","{1: 0, 2: 0, 3: 0, 4: 0, 5: 0}","{1: 0, 2: 0, 3: 0, 4: -1, 5: 1}","{1: 0, 2: 0, 3: 0, 4: 0, 5: 0}",1
155,[A:1]#[A:2]-[A:3]1:[A:4]:[A:5]:[A:6]:[A:8]:[A:9]:1.[A:7]>>[A:1]=[A:2]=[A:3]1-[A:4]=[A:5]-[A:6](-[A:7])-[A:8]=[A:9]-1_000000000_-100000100_000000000,"{'A': [(7, 6)], 'B': [], 'C': [(6, 5), (6, 8)], 'R': [(2, -1), (1, -1), (3, -1)]}","{6: 0, 7: 0, 5: 0, 4: 0, 3: 0, 2: 0, 1: 0, 9: 0, 8: 0}","{6: 0, 7: 1, 5: 0, 4: 0, 3: 0, 2: 0, 1: -1, 9: 0, 8: 0}","{6: 0, 7: 0, 5: 0, 4: 0, 3: 0, 2: 0, 1: 0, 9: 0, 8: 0}",9
156,[A:1]-[A:2]-[A:3]=[A:4]-[A:5]=[A:6]=[A:7]>>[A:1].[A:2]:[A:3]:[A:4]:[A:5]-[A:6]#[A:7]_0000000_-1000001_0000000,"{'A': [], 'B': [(2, 1), (1, 2)], 'C': [(2, 3), (3, 2), (3, 4), (4, 3), (4, 5), (5, 4), (5, 6), (6, 5), (6, 7), (7, 6)], 'R': []}","{2: 0, 3: 0, 4: 0, 5: 0, 6: 0, 7: 0, 1: 0}","{2: 0, 3: 0, 4: 0, 5: 0, 6: 0, 7: 1, 1: -1}","{2: 0, 3: 0, 4: 0, 5: 0, 6: 0, 7: 0, 1: 0}",13
157,[A:1]=[A:2].[A:3]=[A:4]-[A:5]=[A:6]>>[A:1]1-[A:2]-[A:3]-[A:4]=[A:5]-[A:6]-1_000000_000000_212001,"{'A': [(1, 6), (6, 1), (2, 3), (3, 2)], 'B': [], 'C': [(5, 6), (4, 3), (6, 5), (3, 4), (1, 2), (2, 1)], 'R': []}","{6: 0, 5: 0, 4: 0, 3: 0, 2: 0, 1: 0}","{6: 0, 5: 0, 4: 0, 3: 0, 2: 0, 1: 0}","{6: 1, 5: 0, 4: 0, 3: 2, 2: 1, 1: 2}",3
158,[A:1].[A:2]1:[A:6]=[A:5]-[A:4]-[A:3]=1>>[A:1].[A:2]1:[A:3]:[A:4]:[A:5]:[A:6]:1_100-100_100-100_000000,"{'A': [], 'B': [], 'C': [(2, 3), (3, 2), (3, 4), (4, 3), (4, 5), (5, 4), (5, 6), (6, 5)], 'R': [(1, -1)]}","{2: 0, 3: 0, 4: -1, 5: 0, 6: 0, 1: 1}","{2: 0, 3: 0, 4: -1, 5: 0, 6: 0, 1: 1}","{2: 0, 3: 0, 4: 0, 5: 0, 6: 0, 1: 0}",2
159,[A:1]=[A:2].[A:3]=[A:4]-[A:5]=[A:6]>>[A:1]1-[A:2]-[A:3]-[A:4]=[A:5]-[A:6]-1_000000_000000_222002,"{'A': [(1, 6), (6, 1), (3, 2), (2, 3)], 'B': [], 'C': [(4, 3), (3, 4), (2, 1), (5, 6), (6, 5), (1, 2)], 'R': []}","{6: 0, 5: 0, 4: 0, 3: 0, 2: 0, 1: 0}","{6: 0, 5: 0, 4: 0, 3: 0, 2: 0, 1: 0}","{6: 2, 5: 0, 4: 0, 3: 2, 2: 2, 1: 2}",1
160,[A:1]-[A:3].[A:2]>>[A:1].[A:2]-[A:3]_000_-110_002,"{'A': [(2, 3)], 'B': [(1, 3), (3, 1)], 'C': [], 'R': []}","{3: 0, 2: 0, 1: 0}","{3: 0, 2: 1, 1: -1}","{3: 2, 2: 0, 1: 0}",2
161,[A:1].[A:2]1:[A:3]:[A:4]:[A:5]:[A:6]:[A:7]:1>>[A:1]-[A:2]1-[A:3]=[A:4]:[A:5]=[A:6]-[A:7]-1_0000000_-1000001_0000000,"{'A': [(1, 2)], 'B': [], 'C': [(2, 7), (2, 3)], 'R': [(5, -1)]}","{2: 0, 1: 0, 7: 0, 6: 0, 5: 0, 4: 0, 3: 0}","{2: 0, 1: -1, 7: 1, 6: 0, 5: 0, 4: 0, 3: 0}","{2: 0, 1: 0, 7: 0, 6: 0, 5: 0, 4: 0, 3: 0}",2
162,[A:1]-[A:2].[A:3]1-[A:4]=[A:5]-[A:6]=[A:7]-[A:8]-1>>[A:1].[A:2].[A:3]1:[A:4]:[A:5]:[A:6]:[A:7]:[A:8]:1_0100000-1_10-100000_00000000,"{'A': [], 'B': [(1, 2), (2, 1)], 'C': [(8, 7), (7, 8), (8, 3), (3, 8), (7, 6), (6, 7), (6, 5), (5, 6), (5, 4), (4, 5), (4, 3), (3, 4)], 'R': []}","{8: -1, 7: 0, 6: 0, 5: 0, 4: 0, 3: 0, 1: 0, 2: 1}","{8: 0, 7: 0, 6: 0, 5: 0, 4: 0, 3: -1, 1: 1, 2: 0}","{8: 0, 7: 0, 6: 0, 5: 0, 4: 0, 3: 0, 1: 0, 2: 0}",2
163,[A:1]-[A:4].[A:2]-[A:3]=[A:5]>>[A:1]-[A:2]-[A:3](-[A:4])-[A:5]_0-1001_00000_00000,"{'A': [(3, 4), (2, 1)], 'B': [(4, 1), (1, 4)], 'C': [(5, 3)], 'R': []}","{4: 0, 3: 0, 5: 1, 2: -1, 1: 0}","{4: 0, 3: 0, 5: 0, 2: 0, 1: 0}","{4: 0, 3: 0, 5: 0, 2: 0, 1: 0}",1
164,[A:1].[A:2]=[A:3]>>[A:1].[A:2]-[A:3]_-110_-101_000,"{'A': [], 'B': [], 'C': [(3, 2), (2, 3)], 'R': [(1, -1)]}","{3: 0, 2: 1, 1: -1}","{3: 1, 2: 0, 1: -1}","{3: 0, 2: 0, 1: 0}",2
165,[A:1]=[A:2].[A:3]=[A:4]-[A:5]=[A:6]>>[A:1]1-[A:2]-[A:3]-[A:4]=[A:5]-[A:6]-1_000000_000000_101002,"{'A': [(1, 6), (6, 1), (2, 3), (3, 2)], 'B': [], 'C': [(5, 6), (6, 5), (4, 3), (2, 1), (3, 4), (1, 2)], 'R': []}","{6: 0, 5: 0, 4: 0, 3: 0, 2: 0, 1: 0}","{6: 0, 5: 0, 4: 0, 3: 0, 2: 0, 1: 0}","{6: 2, 5: 0, 4: 0, 3: 1, 2: 0, 1: 1}",1
166,[A:1]=[A:6]-[A:5]=[A:4].[A:2]=[A:3]>>[A:1]1-[A:2]-[A:3]-[A:4]-[A:5]=[A:6]-1_000000_000000_000000,"{'A': [(3, 4), (4, 3), (1, 2), (2, 1)], 'B': [], 'C': [(2, 3), (6, 1), (1, 6), (4, 5), (3, 2), (5, 4)], 'R': []}","{6: 0, 5: 0, 4: 0, 3: 0, 2: 0, 1: 0}","{6: 0, 5: 0, 4: 0, 3: 0, 2: 0, 1: 0}","{6: 0, 5: 0, 4: 0, 3: 0, 2: 0, 1: 0}",5
167,[A:1]-[A:4](-[A:5]=[A:6]-[A:7])-[A:3]=[A:2]>>[A:1].[A:2]:[A:3]:[A:4]:[A:5]-[A:6]=[A:7]_0000000_-1000001_0000000,"{'A': [], 'B': [(4, 1), (1, 4)], 'C': [(4, 5), (5, 4), (4, 3), (3, 4), (5, 6), (6, 5), (6, 7), (7, 6), (2, 3), (3, 2)], 'R': []}","{4: 0, 5: 0, 6: 0, 7: 0, 2: 0, 3: 0, 1: 0}","{4: 0, 5: 0, 6: 0, 7: 1, 2: 0, 3: 0, 1: -1}","{4: 0, 5: 0, 6: 0, 7: 0, 2: 0, 3: 0, 1: 0}",4
168,[A:1]-[A:5]-[A:4](=[A:6]-[A:7])-[A:3]=[A:2]>>[A:1].[A:2]:[A:3]:[A:4](:[A:5])-[A:6]=[A:7]_0000000_-1000001_0000000,"{'A': [], 'B': [(5, 1), (1, 5)], 'C': [(5, 4), (4, 5), (4, 6), (6, 4), (4, 3), (3, 4), (6, 7), (7, 6), (3, 2), (2, 3)], 'R': []}","{5: 0, 4: 0, 6: 0, 7: 0, 3: 0, 2: 0, 1: 0}","{5: 0, 4: 0, 6: 0, 7: 1, 3: 0, 2: 0, 1: -1}","{5: 0, 4: 0, 6: 0, 7: 0, 3: 0, 2: 0, 1: 0}",1
169,[A:1]=[A:6]-[A:5]=[A:4].[A:2]=[A:3]>>[A:1]1-[A:2]-[A:3]-[A:4]-[A:5]=[A:6]-1_000000_000000_111100,"{'A': [(3, 4), (4, 3), (1, 2), (2, 1)], 'B': [], 'C': [(2, 3), (1, 6), (3, 2), (4, 5), (5, 4), (6, 1)], 'R': []}","{6: 0, 5: 0, 4: 0, 3: 0, 2: 0, 1: 0}","{6: 0, 5: 0, 4: 0, 3: 0, 2: 0, 1: 0}","{6: 0, 5: 0, 4: 1, 3: 1, 2: 1, 1: 1}",1
170,[A:1].[A:2]-[A:3]=[A:4]-[A:5]=[A:6]-[A:7]=[A:8]>>[A:1].[A:2]:[A:3]:[A:4]:[A:5]:[A:6]:[A:7]:[A:8]_1-1000000_1-1000000_00000000,"{'A': [], 'B': [], 'C': [(2, 3), (3, 2), (3, 4), (4, 3), (4, 5), (5, 4), (5, 6), (6, 5), (6, 7), (7, 6), (7, 8), (8, 7)], 'R': [(1, -1)]}","{2: -1, 3: 0, 4: 0, 5: 0, 6: 0, 7: 0, 8: 0, 1: 1}","{2: -1, 3: 0, 4: 0, 5: 0, 6: 0, 7: 0, 8: 0, 1: 1}","{2: 0, 3: 0, 4: 0, 5: 0, 6: 0, 7: 0, 8: 0, 1: 0}",3
171,[A:1]=[A:6].[A:2]=[A:3]-[A:4]=[A:5]>>[A:1]1-[A:2]-[A:3]=[A:4]-[A:5]-[A:6]-1_000000_000000_200001,"{'A': [(5, 6), (6, 5), (1, 2), (2, 1)], 'B': [], 'C': [(2, 3), (6, 1), (3, 2), (4, 5), (5, 4), (1, 6)], 'R': []}","{6: 0, 5: 0, 4: 0, 3: 0, 2: 0, 1: 0}","{6: 0, 5: 0, 4: 0, 3: 0, 2: 0, 1: 0}","{6: 1, 5: 0, 4: 0, 3: 0, 2: 0, 1: 2}",1
172,[A:1]-[A:2].[A:3]-[A:4]>>[A:1].[A:2].[A:3]:[A:4]_010-1_10-10_0000,"{'A': [], 'B': [(2, 1), (1, 2)], 'C': [(4, 3), (3, 4)], 'R': []}","{4: -1, 3: 0, 1: 0, 2: 1}","{4: 0, 3: -1, 1: 1, 2: 0}","{4: 0, 3: 0, 1: 0, 2: 0}",3
173,[A:1]=[A:2]-[A:3]:[A:4]:[A:6]:[A:7].[A:5]>>[A:1]-[A:2]=[A:3]-[A:4](-[A:5])-[A:6]=[A:7]_0000000_-1000100_0000000,"{'A': [(5, 4)], 'B': [], 'C': [(4, 3), (4, 6)], 'R': [(1, -1)]}","{4: 0, 5: 0, 3: 0, 2: 0, 1: 0, 7: 0, 6: 0}","{4: 0, 5: 1, 3: 0, 2: 0, 1: -1, 7: 0, 6: 0}","{4: 0, 5: 0, 3: 0, 2: 0, 1: 0, 7: 0, 6: 0}",1
174,[A:1]=[A:6]-[A:5]=[A:4].[A:2]=[A:3]>>[A:1]1-[A:2]-[A:3]-[A:4]-[A:5]=[A:6]-1_000000_000000_012000,"{'A': [(3, 4), (4, 3), (1, 2), (2, 1)], 'B': [], 'C': [(5, 4), (2, 3), (6, 1), (1, 6), (3, 2), (4, 5)], 'R': []}","{6: 0, 5: 0, 4: 0, 3: 0, 2: 0, 1: 0}","{6: 0, 5: 0, 4: 0, 3: 0, 2: 0, 1: 0}","{6: 0, 5: 0, 4: 0, 3: 2, 2: 1, 1: 0}",1
175,[A:1].[A:2]=[A:3].[A:4]-[A:5]=[A:6]>>[A:1].[A:2]:[A:3].[A:4]:[A:5]:[A:6]_100-100_100-100_000000,"{'A': [], 'B': [], 'C': [(3, 2), (2, 3), (4, 5), (5, 4), (5, 6), (6, 5)], 'R': [(1, -1)]}","{3: 0, 2: 0, 4: -1, 5: 0, 6: 0, 1: 1}","{3: 0, 2: 0, 4: -1, 5: 0, 6: 0, 1: 1}","{3: 0, 2: 0, 4: 0, 5: 0, 6: 0, 1: 0}",1
176,[A:2]-[A:3](-[A:1])/[A:4]=[A:5]\[A:6]>>[A:1].[A:2].[A:3]-[A:4]-[A:5]=[A:6]_10000-1_0-10-100_000000,"{'A': [], 'B': [(3, 2), (2, 3), (3, 1), (1, 3)], 'C': [(4, 5), (5, 4), (5, 6), (6, 5)], 'R': []}","{2: 0, 1: 1, 3: 0, 4: 0, 5: 0, 6: -1}","{2: -1, 1: 0, 3: 0, 4: -1, 5: 0, 6: 0}","{2: 0, 1: 0, 3: 0, 4: 0, 5: 0, 6: 0}",3
177,[A:1].[A:4]:[A:3]:[A:2]:[A:5]-[A:6]=[A:7]>>[A:1]-[A:2](-[A:3]=[A:4])-[A:5]=[A:6]-[A:7]_0000000_100000-1_0000000,"{'A': [(1, 2)], 'B': [], 'C': [(2, 5), (2, 3)], 'R': [(7, -1)]}","{2: 0, 1: 0, 5: 0, 6: 0, 7: 0, 4: 0, 3: 0}","{2: 0, 1: 1, 5: 0, 6: 0, 7: -1, 4: 0, 3: 0}","{2: 0, 1: 0, 5: 0, 6: 0, 7: 0, 4: 0, 3: 0}",2
178,[A:1]=[A:2].[A:3]=[A:4]-[A:5]=[A:6]>>[A:1]1-[A:2]-[A:3]-[A:4]=[A:5]-[A:6]-1_000000_000000_202001,"{'A': [(6, 1), (1, 6), (3, 2), (2, 3)], 'B': [], 'C': [(4, 3), (1, 2), (3, 4), (2, 1), (5, 6), (6, 5)], 'R': []}","{1: 0, 2: 0, 3: 0, 4: 0, 5: 0, 6: 0}","{1: 0, 2: 0, 3: 0, 4: 0, 5: 0, 6: 0}","{1: 2, 2: 0, 3: 2, 4: 0, 5: 0, 6: 1}",3
179,[A:1]-[A:4].[A:2]:[A:3].[A:5]:[A:6]:[A:7]>>[A:1].[A:2]=[A:3].[A:4]-[A:5]-[A:6]=[A:7]_0000000_-1000100_0000000,"{'A': [(5, 4)], 'B': [(1, 4), (4, 1)], 'C': [(6, 5)], 'R': [(2, -1), (3, -1)]}","{3: 0, 2: 0, 5: 0, 4: 0, 6: 0, 7: 0, 1: 0}","{3: 0, 2: 0, 5: 1, 4: 0, 6: 0, 7: 0, 1: -1}","{3: 0, 2: 0, 5: 0, 4: 0, 6: 0, 7: 0, 1: 0}",1
180,[A:1]-[A:2].[A:3]1=[A:8]-[A:7]=[A:6]-[A:5]-[A:4]-1>>[A:1].[A:2].[A:3]1:[A:4]:[A:5]:[A:6]:[A:7]:[A:8]:1_010-10000_1000-1000_00000000,"{'A': [], 'B': [(1, 2), (2, 1)], 'C': [(3, 4), (4, 3), (3, 8), (8, 3), (4, 5), (5, 4), (5, 6), (6, 5), (6, 7), (7, 6), (7, 8), (8, 7)], 'R': []}","{3: 0, 4: -1, 5: 0, 6: 0, 7: 0, 8: 0, 1: 0, 2: 1}","{3: 0, 4: 0, 5: -1, 6: 0, 7: 0, 8: 0, 1: 1, 2: 0}","{3: 0, 4: 0, 5: 0, 6: 0, 7: 0, 8: 0, 1: 0, 2: 0}",4
181,[A:1].[A:2]1:[A:3]=[A:4]-[A:5]-[A:6]=1>>[A:1].[A:2]1:[A:3]:[A:4]:[A:5]:[A:6]:1_1000-10_1000-10_000000,"{'A': [], 'B': [], 'C': [(2, 6), (6, 2), (3, 4), (4, 3), (4, 5), (5, 4), (5, 6), (6, 5)], 'R': [(1, -1)]}","{2: 0, 3: 0, 4: 0, 5: -1, 6: 0, 1: 1}","{2: 0, 3: 0, 4: 0, 5: -1, 6: 0, 1: 1}","{2: 0, 3: 0, 4: 0, 5: 0, 6: 0, 1: 0}",1
182,[A:1]=[A:2].[A:3]=[A:4]-[A:5]=[A:6]>>[A:1]1-[A:2]-[A:3]-[A:4]=[A:5]-[A:6]-1_000000_000000_200001,"{'A': [(1, 6), (6, 1), (2, 3), (3, 2)], 'B': [], 'C': [(2, 1), (5, 6), (3, 4), (6, 5), (4, 3), (1, 2)], 'R': []}","{6: 0, 5: 0, 4: 0, 3: 0, 2: 0, 1: 0}","{6: 0, 5: 0, 4: 0, 3: 0, 2: 0, 1: 0}","{6: 1, 5: 0, 4: 0, 3: 0, 2: 0, 1: 2}",1
183,[A:1]=[A:2].[A:3]=[A:4]-[A:5]=[A:6]>>[A:1]1-[A:2]-[A:3]-[A:4]=[A:5]-[A:6]-1_000000_000000_120002,"{'A': [(1, 6), (6, 1), (2, 3), (3, 2)], 'B': [], 'C': [(3, 4), (4, 3), (1, 2), (5, 6), (2, 1), (6, 5)], 'R': []}","{6: 0, 5: 0, 4: 0, 3: 0, 2: 0, 1: 0}","{6: 0, 5: 0, 4: 0, 3: 0, 2: 0, 1: 0}","{6: 2, 5: 0, 4: 0, 3: 0, 2: 2, 1: 1}",1
184,[A:1]=[A:6].[A:2]=[A:3]-[A:4]=[A:5]>>[A:1]1-[A:2]-[A:3]=[A:4]-[A:5]-[A:6]-1_000000_000000_100001,"{'A': [(5, 6), (6, 5), (1, 2), (2, 1)], 'B': [], 'C': [(5, 4), (4, 5), (6, 1), (1, 6), (2, 3), (3, 2)], 'R': []}","{6: 0, 5: 0, 4: 0, 3: 0, 2: 0, 1: 0}","{6: 0, 5: 0, 4: 0, 3: 0, 2: 0, 1: 0}","{6: 1, 5: 0, 4: 0, 3: 0, 2: 0, 1: 1}",1
185,[A:1]=[A:2].[A:3]=[A:4]-[A:5]=[A:6]>>[A:1]1-[A:2]-[A:3]-[A:4]=[A:5]-[A:6]-1_000000_000000_222001,"{'A': [(6, 1), (1, 6), (3, 2), (2, 3)], 'B': [], 'C': [(5, 6), (2, 1), (4, 3), (1, 2), (3, 4), (6, 5)], 'R': []}","{1: 0, 2: 0, 3: 0, 4: 0, 5: 0, 6: 0}","{1: 0, 2: 0, 3: 0, 4: 0, 5: 0, 6: 0}","{1: 2, 2: 2, 3: 2, 4: 0, 5: 0, 6: 1}",2
186,[A:1]=[A:2].[A:4]:[A:3]:[A:5]:[A:6]>>[A:1]-[A:2]-[A:3](-[A:4])-[A:5]=[A:6]_000000_-100100_000000,"{'A': [(2, 3), (3, 2)], 'B': [], 'C': [(3, 5), (3, 4), (5, 3), (1, 2), (2, 1), (4, 3)], 'R': []}","{6: 0, 5: 0, 3: 0, 2: 0, 1: 0, 4: 0}","{6: 0, 5: 0, 3: 0, 2: 0, 1: -1, 4: 1}","{6: 0, 5: 0, 3: 0, 2: 0, 1: 0, 4: 0}",1
187,[A:1].[A:2]-[A:3]-[A:4]=[A:5]>>[A:1].[A:2]:[A:3]:[A:4]:[A:5]_10-100_1-1000_00000,"{'A': [], 'B': [], 'C': [(5, 4), (4, 5), (4, 3), (3, 4), (3, 2), (2, 3)], 'R': [(1, -1)]}","{5: 0, 4: 0, 3: -1, 2: 0, 1: 1}","{5: 0, 4: 0, 3: 0, 2: -1, 1: 1}","{5: 0, 4: 0, 3: 0, 2: 0, 1: 0}",1
188,[A:5].[A:1]:[A:2]:[A:3](:[A:4])-[A:6]#[A:7]>>[A:1]=[A:2]-[A:3](-[A:4]-[A:5])=[A:6]=[A:7]_0000000_000010-1_0000000,"{'A': [(5, 4)], 'B': [], 'C': [(4, 3)], 'R': [(7, -1), (1, -1)]}","{4: 0, 5: 0, 1: 0, 2: 0, 3: 0, 6: 0, 7: 0}","{4: 0, 5: 1, 1: 0, 2: 0, 3: 0, 6: 0, 7: -1}","{4: 0, 5: 0, 1: 0, 2: 0, 3: 0, 6: 0, 7: 0}",1
189,[A:1]=[A:6]-[A:5]=[A:4].[A:2]=[A:3]>>[A:1]1-[A:2]-[A:3]-[A:4]-[A:5]=[A:6]-1_000000_000000_201200,"{'A': [(2, 1), (1, 2), (4, 3), (3, 4)], 'B': [], 'C': [(4, 5), (2, 3), (3, 2), (5, 4), (1, 6), (6, 1)], 'R': []}","{1: 0, 2: 0, 3: 0, 4: 0, 5: 0, 6: 0}","{1: 0, 2: 0, 3: 0, 4: 0, 5: 0, 6: 0}","{1: 2, 2: 0, 3: 1, 4: 2, 5: 0, 6: 0}",1
190,[A:1]=[A:2].[A:3]=[A:4]-[A:5]=[A:6]>>[A:1]1-[A:2]-[A:3]-[A:4]=[A:5]-[A:6]-1_000000_000000_111001,"{'A': [(1, 6), (6, 1), (2, 3), (3, 2)], 'B': [], 'C': [(2, 1), (4, 3), (3, 4), (1, 2), (5, 6), (6, 5)], 'R': []}","{6: 0, 5: 0, 4: 0, 3: 0, 2: 0, 1: 0}","{6: 0, 5: 0, 4: 0, 3: 0, 2: 0, 1: 0}","{6: 1, 5: 0, 4: 0, 3: 1, 2: 1, 1: 1}",1
191,[A:1]=[A:6].[A:2]=[A:3]-[A:4]=[A:5]>>[A:1]1-[A:2]-[A:3]=[A:4]-[A:5]-[A:6]-1_000000_000000_110002,"{'A': [(5, 6), (6, 5), (1, 2), (2, 1)], 'B': [], 'C': [(6, 1), (1, 6), (5, 4), (2, 3), (3, 2), (4, 5)], 'R': []}","{6: 0, 5: 0, 4: 0, 3: 0, 2: 0, 1: 0}","{6: 0, 5: 0, 4: 0, 3: 0, 2: 0, 1: 0}","{6: 2, 5: 0, 4: 0, 3: 0, 2: 1, 1: 1}",1
192,[A:1]=[A:6].[A:2]=[A:3]-[A:4]=[A:5]>>[A:1]1-[A:2]-[A:3]=[A:4]-[A:5]-[A:6]-1_000000_000000_210021,"{'A': [(5, 6), (6, 5), (1, 2), (2, 1)], 'B': [], 'C': [(4, 5), (5, 4), (3, 2), (2, 3), (6, 1), (1, 6)], 'R': []}","{6: 0, 5: 0, 4: 0, 3: 0, 2: 0, 1: 0}","{6: 0, 5: 0, 4: 0, 3: 0, 2: 0, 1: 0}","{6: 1, 5: 2, 4: 0, 3: 0, 2: 1, 1: 2}",1
193,[A:1].[A:2]1-[A:3]=[A:4]:[A:5]=[A:6]-1>>[A:1].[A:2]1:[A:3]:[A:4]:[A:5]:[A:6]:1_10-1000_10-1000_000000,"{'A': [], 'B': [], 'C': [(2, 3), (3, 2), (2, 6), (6, 2), (3, 4), (4, 3), (4, 5), (5, 4)], 'R': [(1, -1)]}","{2: 0, 3: -1, 4: 0, 5: 0, 6: 0, 1: 1}","{2: 0, 3: -1, 4: 0, 5: 0, 6: 0, 1: 1}","{2: 0, 3: 0, 4: 0, 5: 0, 6: 0, 1: 0}",1
194,[A:1]#[A:2]-[A:3]:[A:4]:[A:6]:[A:7].[A:5]>>[A:1]=[A:2]=[A:3]-[A:4](-[A:5])-[A:6]=[A:7]_0000000_-1000100_0000000,"{'A': [(5, 4)], 'B': [], 'C': [(4, 6), (4, 3)], 'R': [(1, -1)]}","{4: 0, 5: 0, 6: 0, 7: 0, 3: 0, 2: 0, 1: 0}","{4: 0, 5: 1, 6: 0, 7: 0, 3: 0, 2: 0, 1: -1}","{4: 0, 5: 0, 6: 0, 7: 0, 3: 0, 2: 0, 1: 0}",1
195,[A:2]-[A:1]-[A:3]>>[A:1].[A:2]:[A:3]_000_000_000,"{'A': [(3, 2), (2, 3)], 'B': [(3, 1), (1, 3), (2, 1), (1, 2)], 'C': [], 'R': []}","{1: 0, 3: 0, 2: 0}","{1: 0, 3: 0, 2: 0}","{1: 0, 3: 0, 2: 0}",1
196,[A:1]=[A:2]-[A:4].[A:3]-[A:5]>>[A:1]-[A:2](-[A:3])-[A:4]-[A:5]_100-10_00000_00000,"{'A': [(4, 5), (2, 3)], 'B': [(5, 3), (3, 5)], 'C': [(1, 2)], 'R': []}","{5: 0, 4: -1, 2: 0, 3: 0, 1: 1}","{5: 0, 4: 0, 2: 0, 3: 0, 1: 0}","{5: 0, 4: 0, 2: 0, 3: 0, 1: 0}",1
197,[A:1]=[A:2].[A:3]=[A:4]-[A:5]=[A:6]>>[A:1]1-[A:2]-[A:3]-[A:4]=[A:5]-[A:6]-1_000000_000000_211002,"{'A': [(1, 6), (6, 1), (2, 3), (3, 2)], 'B': [], 'C': [(1, 2), (5, 6), (6, 5), (4, 3), (2, 1), (3, 4)], 'R': []}","{6: 0, 5: 0, 4: 0, 3: 0, 2: 0, 1: 0}","{6: 0, 5: 0, 4: 0, 3: 0, 2: 0, 1: 0}","{6: 2, 5: 0, 4: 0, 3: 1, 2: 1, 1: 2}",1
198,[A:1]:[A:2]:[A:4]:[A:5].[A:3]>>[A:1]-[A:2](-[A:3])-[A:4]=[A:5]_00000_10-100_00000,"{'A': [(3, 2)], 'B': [], 'C': [(2, 4), (2, 1)], 'R': []}","{5: 0, 4: 0, 2: 0, 3: 0, 1: 0}","{5: 0, 4: 0, 2: 0, 3: -1, 1: 1}","{5: 0, 4: 0, 2: 0, 3: 0, 1: 0}",1
199,[A:1]-[A:2].[A:3]1-[A:4]-[A:5]=[A:6]-[A:7]=[A:8]-1>>[A:1].[A:2].[A:3]1:[A:4]:[A:5]:[A:6]:[A:7]:[A:8]:1_010-10000_10-100000_00000000,"{'A': [], 'B': [(2, 1), (1, 2)], 'C': [(8, 7), (7, 8), (8, 3), (3, 8), (7, 6), (6, 7), (6, 5), (5, 6), (5, 4), (4, 5), (4, 3), (3, 4)], 'R': []}","{8: 0, 7: 0, 6: 0, 5: 0, 4: -1, 3: 0, 1: 0, 2: 1}","{8: 0, 7: 0, 6: 0, 5: 0, 4: 0, 3: -1, 1: 1, 2: 0}","{8: 0, 7: 0, 6: 0, 5: 0, 4: 0, 3: 0, 1: 0, 2: 0}",1
200,[A:1]=[A:2].[A:3]=[A:4]-[A:5]=[A:6]>>[A:1]1-[A:2]-[A:3]-[A:4]=[A:5]-[A:6]-1_000000_000000_111000,"{'A': [(2, 3), (3, 2), (1, 6), (6, 1)], 'B': [], 'C': [(1, 2), (4, 3), (5, 6), (6, 5), (2, 1), (3, 4)], 'R': []}","{3: 0, 4: 0, 5: 0, 6: 0, 1: 0, 2: 0}","{3: 0, 4: 0, 5: 0, 6: 0, 1: 0, 2: 0}","{3: 1, 4: 0, 5: 0, 6: 0, 1: 1, 2: 1}",1
201,[A:1]-[A:5].[A:2]:[A:3]:[A:4]:[A:6]:[A:7]>>[A:1].[A:2]=[A:3]-[A:4](-[A:5])-[A:6]=[A:7]_0000000_-1001000_0000000,"{'A': [(4, 5)], 'B': [(1, 5), (5, 1)], 'C': [(6, 4), (3, 4)], 'R': []}","{7: 0, 6: 0, 4: 0, 5: 0, 3: 0, 2: 0, 1: 0}","{7: 0, 6: 0, 4: 1, 5: 0, 3: 0, 2: 0, 1: -1}","{7: 0, 6: 0, 4: 0, 5: 0, 3: 0, 2: 0, 1: 0}",2
202,[A:1]=[A:6]-[A:5]=[A:4].[A:2]=[A:3]>>[A:1]1-[A:2]-[A:3]-[A:4]-[A:5]=[A:6]-1_000000_000000_121200,"{'A': [(3, 4), (4, 3), (2, 1), (1, 2)], 'B': [], 'C': [(2, 3), (6, 1), (3, 2), (1, 6), (4, 5), (5, 4)], 'R': []}","{6: 0, 5: 0, 4: 0, 1: 0, 2: 0, 3: 0}","{6: 0, 5: 0, 4: 0, 1: 0, 2: 0, 3: 0}","{6: 0, 5: 0, 4: 2, 1: 1, 2: 2, 3: 1}",1
203,[A:1]=[A:6].[A:2]=[A:3]-[A:4]=[A:5]>>[A:1]1-[A:2]-[A:3]=[A:4]-[A:5]-[A:6]-1_000000_000000_210022,"{'A': [(5, 6), (6, 5), (1, 2), (2, 1)], 'B': [], 'C': [(4, 5), (1, 6), (2, 3), (5, 4), (6, 1), (3, 2)], 'R': []}","{6: 0, 5: 0, 2: 0, 3: 0, 4: 0, 1: 0}","{6: 0, 5: 0, 2: 0, 3: 0, 4: 0, 1: 0}","{6: 2, 5: 2, 2: 1, 3: 0, 4: 0, 1: 2}",1
204,[A:1]=[A:6].[A:2]=[A:3]-[A:4]=[A:5]>>[A:1]1-[A:2]-[A:3]=[A:4]-[A:5]-[A:6]-1_000000_000000_210002,"{'A': [(5, 6), (6, 5), (1, 2), (2, 1)], 'B': [], 'C': [(2, 3), (1, 6), (3, 2), (4, 5), (6, 1), (5, 4)], 'R': []}","{6: 0, 5: 0, 4: 0, 3: 0, 2: 0, 1: 0}","{6: 0, 5: 0, 4: 0, 3: 0, 2: 0, 1: 0}","{6: 2, 5: 0, 4: 0, 3: 0, 2: 1, 1: 2}",1
205,[A:1]=[A:6].[A:2]=[A:3]-[A:4]=[A:5]>>[A:1]1-[A:2]-[A:3]=[A:4]-[A:5]-[A:6]-1_000000_000000_220011,"{'A': [(5, 6), (6, 5), (1, 2), (2, 1)], 'B': [], 'C': [(5, 4), (1, 6), (4, 5), (6, 1), (2, 3), (3, 2)], 'R': []}","{6: 0, 5: 0, 4: 0, 3: 0, 2: 0, 1: 0}","{6: 0, 5: 0, 4: 0, 3: 0, 2: 0, 1: 0}","{6: 1, 5: 1, 4: 0, 3: 0, 2: 2, 1: 2}",1
206,[A:1]=[A:2].[A:3]=[A:4]-[A:5]=[A:6]>>[A:1]1-[A:2]-[A:3]-[A:4]=[A:5]-[A:6]-1_000000_000000_100001,"{'A': [(1, 6), (6, 1), (2, 3), (3, 2)], 'B': [], 'C': [(5, 6), (3, 4), (6, 5), (4, 3), (2, 1), (1, 2)], 'R': []}","{6: 0, 5: 0, 4: 0, 3: 0, 2: 0, 1: 0}","{6: 0, 5: 0, 4: 0, 3: 0, 2: 0, 1: 0}","{6: 1, 5: 0, 4: 0, 3: 0, 2: 0, 1: 1}",1
207,[A:1]-[A:4]=[A:5].[A:2]=[A:3]>>[A:1]1-[A:2]-[A:3]-[A:4]-1-[A:5]_00000_1000-1_00000,"{'A': [(1, 2), (4, 3), (3, 4)], 'B': [], 'C': [(3, 2), (4, 5), (2, 3), (5, 4)], 'R': []}","{1: 0, 2: 0, 3: 0, 4: 0, 5: 0}","{1: 1, 2: 0, 3: 0, 4: 0, 5: -1}","{1: 0, 2: 0, 3: 0, 4: 0, 5: 0}",1
208,[A:1].[A:2]-[A:3]>>[A:1].[A:2]=[A:3]_10-1_1-10_000,"{'A': [], 'B': [], 'C': [(3, 2), (2, 3)], 'R': [(1, -1)]}","{3: -1, 2: 0, 1: 1}","{3: 0, 2: -1, 1: 1}","{3: 0, 2: 0, 1: 0}",1
209,[A:1]=[A:6]-[A:5]=[A:4].[A:2]=[A:3]>>[A:1]1-[A:2]-[A:3]-[A:4]-[A:5]=[A:6]-1_000000_000000_022100,"{'A': [(3, 4), (4, 3), (1, 2), (2, 1)], 'B': [], 'C': [(4, 5), (5, 4), (6, 1), (3, 2), (1, 6), (2, 3)], 'R': []}","{6: 0, 5: 0, 4: 0, 3: 0, 2: 0, 1: 0}","{6: 0, 5: 0, 4: 0, 3: 0, 2: 0, 1: 0}","{6: 0, 5: 0, 4: 1, 3: 2, 2: 2, 1: 0}",1
210,[A:1]=[A:2].[A:3]=[A:4]-[A:5]=[A:6]>>[A:1]1-[A:2]-[A:3]-[A:4]=[A:5]-[A:6]-1_000000_000000_201002,"{'A': [(1, 6), (6, 1), (2, 3), (3, 2)], 'B': [], 'C': [(4, 3), (6, 5), (3, 4), (5, 6), (1, 2), (2, 1)], 'R': []}","{6: 0, 5: 0, 4: 0, 3: 0, 2: 0, 1: 0}","{6: 0, 5: 0, 4: 0, 3: 0, 2: 0, 1: 0}","{6: 2, 5: 0, 4: 0, 3: 1, 2: 0, 1: 2}",1
211,[A:1]=[A:2].[A:3]=[A:4]-[A:5]=[A:6]>>[A:1]1-[A:2]-[A:3]-[A:4]=[A:5]-[A:6]-1_000000_000000_110000,"{'A': [(1, 6), (6, 1), (2, 3), (3, 2)], 'B': [], 'C': [(2, 1), (4, 3), (3, 4), (1, 2), (5, 6), (6, 5)], 'R': []}","{6: 0, 5: 0, 4: 0, 3: 0, 2: 0, 1: 0}","{6: 0, 5: 0, 4: 0, 3: 0, 2: 0, 1: 0}","{6: 0, 5: 0, 4: 0, 3: 0, 2: 1, 1: 1}",1
